,name,R,Z,coil_pair
0,d1_lower,0.35275,-1.62125,d1
0,d1_lower,0.36745015,-1.62125,d1
0,d1_lower,0.38215014,-1.62125,d1
0,d1_lower,0.39685005,-1.62125,d1
0,d1_lower,0.35275,-1.6065501,d1
0,d1_lower,0.35275,-1.59185,d1
0,d1_lower,0.35275,-1.57715,d1
0,d1_lower,0.35275,-1.56245,d1
0,d1_lower,0.3527504,-1.54775,d1
0,d1_lower,0.3674504,-1.54775,d1
0,d1_lower,0.3674504,-1.56245,d1
0,d1_lower,0.3674504,-1.57715,d1
0,d1_lower,0.3674504,-1.59185,d1
0,d1_lower,0.36745,-1.6065501,d1
0,d1_lower,0.38215002,-1.59185,d1
0,d1_lower,0.38215002,-1.57715,d1
0,d1_lower,0.38215002,-1.56245,d1
0,d1_lower,0.38215002,-1.54775,d1
0,d1_lower,0.39685014,-1.54775,d1
0,d1_lower,0.39685014,-1.56245,d1
0,d1_lower,0.39685014,-1.57715,d1
0,d1_lower,0.39685014,-1.59185,d1
0,d1_lower,0.39685008,-1.6065501,d1
0,d1_lower,0.41155013,-1.6065501,d1
0,d1_lower,0.41155013,-1.59185,d1
0,d1_lower,0.41155013,-1.57715,d1
0,d1_lower,0.41155013,-1.56245,d1
0,d1_lower,0.4115501,-1.54775,d1
0,d1_lower,0.42625037,-1.54775,d1
0,d1_lower,0.42625007,-1.56245,d1
0,d1_lower,0.42625007,-1.57715,d1
0,d1_lower,0.42625007,-1.59185,d1
0,d1_lower,0.42625007,-1.6065501,d1
0,d1_lower,0.41155002,-1.62125,d1
0,d1_lower,0.4262501,-1.62125,d1
1,d1_upper,0.35275,1.60925,d1
1,d1_upper,0.36745015,1.60925,d1
1,d1_upper,0.38215014,1.60925,d1
1,d1_upper,0.39685005,1.60925,d1
1,d1_upper,0.35275,1.59455,d1
1,d1_upper,0.35275,1.57985,d1
1,d1_upper,0.35275,1.5651499,d1
1,d1_upper,0.35275,1.55045,d1
1,d1_upper,0.3527504,1.5357499,d1
1,d1_upper,0.3674504,1.5357499,d1
1,d1_upper,0.3674504,1.55045,d1
1,d1_upper,0.3674504,1.5651499,d1
1,d1_upper,0.3674504,1.57985,d1
1,d1_upper,0.36745,1.59455,d1
1,d1_upper,0.38215002,1.57985,d1
1,d1_upper,0.38215002,1.5651499,d1
1,d1_upper,0.38215002,1.55045,d1
1,d1_upper,0.38215002,1.5357499,d1
1,d1_upper,0.39685014,1.5357499,d1
1,d1_upper,0.39685014,1.55045,d1
1,d1_upper,0.39685014,1.5651499,d1
1,d1_upper,0.39685014,1.57985,d1
1,d1_upper,0.39685008,1.59455,d1
1,d1_upper,0.41155013,1.59455,d1
1,d1_upper,0.41155013,1.57985,d1
1,d1_upper,0.41155013,1.5651499,d1
1,d1_upper,0.41155013,1.55045,d1
1,d1_upper,0.4115501,1.5357499,d1
1,d1_upper,0.42625037,1.5357499,d1
1,d1_upper,0.42625007,1.55045,d1
1,d1_upper,0.42625007,1.5651499,d1
1,d1_upper,0.42625007,1.57985,d1
1,d1_upper,0.42625007,1.59455,d1
1,d1_upper,0.41155002,1.60925,d1
1,d1_upper,0.4262501,1.60925,d1
2,d2_lower,0.6012501,-1.76705,d2
2,d2_lower,0.58655024,-1.76705,d2
2,d2_lower,0.6012502,-1.75235,d2
2,d2_lower,0.6012502,-1.73765,d2
2,d2_lower,0.60125023,-1.72295,d2
2,d2_lower,0.58655,-1.72295,d2
2,d2_lower,0.58655,-1.73765,d2
2,d2_lower,0.5718501,-1.75235,d2
2,d2_lower,0.57185036,-1.73765,d2
2,d2_lower,0.5718504,-1.72295,d2
2,d2_lower,0.55715007,-1.72295,d2
2,d2_lower,0.55715007,-1.73765,d2
2,d2_lower,0.55715,-1.75235,d2
2,d2_lower,0.5424502,-1.75235,d2
2,d2_lower,0.5424502,-1.73765,d2
2,d2_lower,0.54245,-1.72295,d2
2,d2_lower,0.5277502,-1.72295,d2
2,d2_lower,0.52775025,-1.73765,d2
2,d2_lower,0.52775025,-1.75235,d2
2,d2_lower,0.5718501,-1.76705,d2
2,d2_lower,0.5571501,-1.76705,d2
2,d2_lower,0.5424501,-1.76705,d2
2,d2_lower,0.52774996,-1.76705,d2
3,d2_upper,0.6012501,1.75705,d2
3,d2_upper,0.58655024,1.75705,d2
3,d2_upper,0.6012502,1.74235,d2
3,d2_upper,0.6012502,1.72765,d2
3,d2_upper,0.60125023,1.71295,d2
3,d2_upper,0.58655,1.71295,d2
3,d2_upper,0.58655,1.72765,d2
3,d2_upper,0.5718501,1.74235,d2
3,d2_upper,0.57185036,1.72765,d2
3,d2_upper,0.5718504,1.71295,d2
3,d2_upper,0.55715007,1.71295,d2
3,d2_upper,0.55715007,1.72765,d2
3,d2_upper,0.55715,1.74235,d2
3,d2_upper,0.5424502,1.74235,d2
3,d2_upper,0.5424502,1.72765,d2
3,d2_upper,0.54245,1.71295,d2
3,d2_upper,0.5277502,1.71295,d2
3,d2_upper,0.52775025,1.72765,d2
3,d2_upper,0.52775025,1.74235,d2
3,d2_upper,0.5718501,1.75705,d2
3,d2_upper,0.5571501,1.75705,d2
3,d2_upper,0.5424501,1.75705,d2
3,d2_upper,0.52774996,1.75705,d2
4,d3_lower,0.82855,-2.01205,d3
4,d3_lower,0.8432501,-2.01205,d3
4,d3_lower,0.84325004,-1.99735,d3
4,d3_lower,0.84325004,-1.9826499,d3
4,d3_lower,0.8285502,-1.96795,d3
4,d3_lower,0.82855004,-1.9826499,d3
4,d3_lower,0.8285504,-1.99735,d3
4,d3_lower,0.81385,-1.99735,d3
4,d3_lower,0.8138502,-1.9826499,d3
4,d3_lower,0.81385005,-1.96795,d3
4,d3_lower,0.7991501,-1.96795,d3
4,d3_lower,0.79915005,-1.9826499,d3
4,d3_lower,0.79915005,-1.99735,d3
4,d3_lower,0.78445005,-1.99735,d3
4,d3_lower,0.78444934,-1.9826499,d3
4,d3_lower,0.78445005,-1.96795,d3
4,d3_lower,0.7697501,-1.96795,d3
4,d3_lower,0.7697502,-1.9826499,d3
4,d3_lower,0.7697502,-1.99735,d3
4,d3_lower,0.76975006,-2.01205,d3
4,d3_lower,0.78445035,-2.01205,d3
4,d3_lower,0.7991504,-2.01205,d3
4,d3_lower,0.81384987,-2.01205,d3
5,d3_upper,0.82855,2.00405,d3
5,d3_upper,0.8432501,2.00405,d3
5,d3_upper,0.84325004,1.9893501,d3
5,d3_upper,0.84325004,1.97465,d3
5,d3_upper,0.8285502,1.9599501,d3
5,d3_upper,0.82855004,1.97465,d3
5,d3_upper,0.8285504,1.9893501,d3
5,d3_upper,0.81385,1.9893501,d3
5,d3_upper,0.8138502,1.97465,d3
5,d3_upper,0.81385005,1.9599501,d3
5,d3_upper,0.7991501,1.9599501,d3
5,d3_upper,0.79915005,1.97465,d3
5,d3_upper,0.79915005,1.9893501,d3
5,d3_upper,0.78445005,1.9893501,d3
5,d3_upper,0.78444934,1.97465,d3
5,d3_upper,0.78445005,1.9599501,d3
5,d3_upper,0.7697501,1.9599501,d3
5,d3_upper,0.7697502,1.97465,d3
5,d3_upper,0.7697502,1.9893501,d3
5,d3_upper,0.76975006,2.00405,d3
5,d3_upper,0.78445035,2.00405,d3
5,d3_upper,0.7991504,2.00405,d3
5,d3_upper,0.81384987,2.00405,d3
6,d5_lower,1.9073501,-1.9941,d5
6,d5_lower,1.9220505,-1.9941,d5
6,d5_lower,1.92205,-1.9794,d5
6,d5_lower,1.92205,-1.9647,d5
6,d5_lower,1.92205,-1.95,d5
6,d5_lower,1.92205,-1.9353,d5
6,d5_lower,1.92205,-1.9206,d5
6,d5_lower,1.9073502,-1.9059,d5
6,d5_lower,1.9073503,-1.9206,d5
6,d5_lower,1.9073503,-1.9353,d5
6,d5_lower,1.9073503,-1.95,d5
6,d5_lower,1.9073503,-1.9647,d5
6,d5_lower,1.9073501,-1.9794,d5
6,d5_lower,1.89265,-1.9794,d5
6,d5_lower,1.8926501,-1.9647,d5
6,d5_lower,1.8926501,-1.95,d5
6,d5_lower,1.8926501,-1.9353,d5
6,d5_lower,1.8926501,-1.9206,d5
6,d5_lower,1.89265,-1.9059,d5
6,d5_lower,1.87795,-1.9059,d5
6,d5_lower,1.8779502,-1.9206,d5
6,d5_lower,1.8779502,-1.9353,d5
6,d5_lower,1.8779502,-1.95,d5
6,d5_lower,1.8779502,-1.9647,d5
6,d5_lower,1.8779502,-1.9794,d5
6,d5_lower,1.8779502,-1.9941,d5
6,d5_lower,1.8926504,-1.9941,d5
7,d5_upper,1.9073501,1.9941,d5
7,d5_upper,1.9220505,1.9941,d5
7,d5_upper,1.92205,1.9794,d5
7,d5_upper,1.92205,1.9647,d5
7,d5_upper,1.92205,1.95,d5
7,d5_upper,1.92205,1.9353,d5
7,d5_upper,1.92205,1.9206,d5
7,d5_upper,1.9073502,1.9059,d5
7,d5_upper,1.9073503,1.9206,d5
7,d5_upper,1.9073503,1.9353,d5
7,d5_upper,1.9073503,1.95,d5
7,d5_upper,1.9073503,1.9647,d5
7,d5_upper,1.9073501,1.9794,d5
7,d5_upper,1.89265,1.9794,d5
7,d5_upper,1.8926501,1.9647,d5
7,d5_upper,1.8926501,1.95,d5
7,d5_upper,1.8926501,1.9353,d5
7,d5_upper,1.8926501,1.9206,d5
7,d5_upper,1.89265,1.9059,d5
7,d5_upper,1.87795,1.9059,d5
7,d5_upper,1.8779502,1.9206,d5
7,d5_upper,1.8779502,1.9353,d5
7,d5_upper,1.8779502,1.95,d5
7,d5_upper,1.8779502,1.9647,d5
7,d5_upper,1.8779502,1.9794,d5
7,d5_upper,1.8779502,1.9941,d5
7,d5_upper,1.8926504,1.9941,d5
8,d6_lower,1.3070499,-1.45025,d6
8,d6_lower,1.32175,-1.45025,d6
8,d6_lower,1.32175,-1.46495,d6
8,d6_lower,1.3217499,-1.47965,d6
8,d6_lower,1.3070501,-1.49435,d6
8,d6_lower,1.3217499,-1.4943501,d6
8,d6_lower,1.30705,-1.47965,d6
8,d6_lower,1.29235,-1.46495,d6
8,d6_lower,1.30705,-1.4649501,d6
8,d6_lower,1.29235,-1.47965,d6
8,d6_lower,1.27765,-1.4943501,d6
8,d6_lower,1.27765,-1.47965,d6
8,d6_lower,1.2629501,-1.46495,d6
8,d6_lower,1.27765,-1.46495,d6
8,d6_lower,1.26295,-1.47965,d6
8,d6_lower,1.2482501,-1.49435,d6
8,d6_lower,1.26295,-1.4943501,d6
8,d6_lower,1.24825,-1.47965,d6
8,d6_lower,1.24825,-1.46495,d6
8,d6_lower,1.2482501,-1.45025,d6
8,d6_lower,1.26295,-1.45025,d6
8,d6_lower,1.27765,-1.45025,d6
8,d6_lower,1.2923499,-1.45025,d6
9,d6_upper,1.3070499,1.44565,d6
9,d6_upper,1.32175,1.44565,d6
9,d6_upper,1.32175,1.4603499,d6
9,d6_upper,1.3217499,1.47505,d6
9,d6_upper,1.3070501,1.4897499,d6
9,d6_upper,1.3217499,1.48975,d6
9,d6_upper,1.30705,1.47505,d6
9,d6_upper,1.29235,1.4603499,d6
9,d6_upper,1.30705,1.46035,d6
9,d6_upper,1.29235,1.47505,d6
9,d6_upper,1.27765,1.48975,d6
9,d6_upper,1.27765,1.47505,d6
9,d6_upper,1.2629501,1.4603499,d6
9,d6_upper,1.27765,1.4603499,d6
9,d6_upper,1.26295,1.47505,d6
9,d6_upper,1.2482501,1.4897499,d6
9,d6_upper,1.26295,1.48975,d6
9,d6_upper,1.24825,1.47505,d6
9,d6_upper,1.24825,1.4603499,d6
9,d6_upper,1.2482501,1.44565,d6
9,d6_upper,1.26295,1.44565,d6
9,d6_upper,1.27765,1.44565,d6
9,d6_upper,1.2923499,1.44565,d6
10,d7_lower,1.54205,-1.45025,d7
10,d7_lower,1.55675,-1.45025,d7
10,d7_lower,1.55675,-1.46495,d7
10,d7_lower,1.55675,-1.47965,d7
10,d7_lower,1.5420501,-1.49435,d7
10,d7_lower,1.5567499,-1.49435,d7
10,d7_lower,1.54205,-1.47965,d7
10,d7_lower,1.5273501,-1.46495,d7
10,d7_lower,1.5420499,-1.46495,d7
10,d7_lower,1.5273501,-1.47965,d7
10,d7_lower,1.5126501,-1.49435,d7
10,d7_lower,1.52735,-1.49435,d7
10,d7_lower,1.51265,-1.47965,d7
10,d7_lower,1.49795,-1.4649501,d7
10,d7_lower,1.51265,-1.46495,d7
10,d7_lower,1.49795,-1.47965,d7
10,d7_lower,1.48325,-1.49435,d7
10,d7_lower,1.48325,-1.47965,d7
10,d7_lower,1.48325,-1.4649501,d7
10,d7_lower,1.48325,-1.45025,d7
10,d7_lower,1.4979501,-1.45025,d7
10,d7_lower,1.51265,-1.45025,d7
10,d7_lower,1.52735,-1.45025,d7
11,d7_upper,1.54205,1.44565,d7
11,d7_upper,1.55675,1.44565,d7
11,d7_upper,1.55675,1.4603499,d7
11,d7_upper,1.55675,1.47505,d7
11,d7_upper,1.5420501,1.4897499,d7
11,d7_upper,1.5567499,1.4897499,d7
11,d7_upper,1.54205,1.47505,d7
11,d7_upper,1.5273501,1.4603499,d7
11,d7_upper,1.5420499,1.4603499,d7
11,d7_upper,1.5273501,1.47505,d7
11,d7_upper,1.5126501,1.4897499,d7
11,d7_upper,1.52735,1.4897499,d7
11,d7_upper,1.51265,1.47505,d7
11,d7_upper,1.49795,1.46035,d7
11,d7_upper,1.51265,1.4603499,d7
11,d7_upper,1.49795,1.47505,d7
11,d7_upper,1.48325,1.4897499,d7
11,d7_upper,1.48325,1.47505,d7
11,d7_upper,1.48325,1.46035,d7
11,d7_upper,1.48325,1.44565,d7
11,d7_upper,1.4979501,1.44565,d7
11,d7_upper,1.51265,1.44565,d7
11,d7_upper,1.52735,1.44565,d7
12,dp_lower,0.93285,-1.49095,dp
12,dp_lower,0.94755,-1.49095,dp
12,dp_lower,0.93285,-1.47625,dp
12,dp_lower,0.94755,-1.47625,dp
12,dp_lower,0.96225,-1.49095,dp
12,dp_lower,0.96225,-1.47625,dp
12,dp_lower,0.88875,-1.47625,dp
12,dp_lower,0.90345,-1.47625,dp
12,dp_lower,0.91815,-1.47625,dp
12,dp_lower,0.91815,-1.49095,dp
12,dp_lower,0.90345,-1.49095,dp
12,dp_lower,0.88875,-1.49095,dp
12,dp_lower,0.96225,-1.52035,dp
12,dp_lower,0.94755,-1.52035,dp
12,dp_lower,0.93285,-1.52035,dp
12,dp_lower,0.96225,-1.50565,dp
12,dp_lower,0.94755,-1.50565,dp
12,dp_lower,0.93285,-1.50565,dp
12,dp_lower,0.91815,-1.52035,dp
12,dp_lower,0.90345,-1.52035,dp
12,dp_lower,0.88875,-1.52035,dp
12,dp_lower,0.88874996,-1.50565,dp
12,dp_lower,0.90345,-1.50565,dp
12,dp_lower,0.91815,-1.50565,dp
13,dp_upper,0.93285,1.4863499,dp
13,dp_upper,0.94755,1.4863499,dp
13,dp_upper,0.93285,1.47165,dp
13,dp_upper,0.94755,1.47165,dp
13,dp_upper,0.96225,1.4863499,dp
13,dp_upper,0.96225,1.47165,dp
13,dp_upper,0.88875,1.47165,dp
13,dp_upper,0.90345,1.47165,dp
13,dp_upper,0.91815,1.47165,dp
13,dp_upper,0.91815,1.4863499,dp
13,dp_upper,0.90345,1.4863499,dp
13,dp_upper,0.88875,1.4863499,dp
13,dp_upper,0.96225,1.5157499,dp
13,dp_upper,0.94755,1.5157499,dp
13,dp_upper,0.93285,1.5157499,dp
13,dp_upper,0.96225,1.50105,dp
13,dp_upper,0.94755,1.50105,dp
13,dp_upper,0.93285,1.50105,dp
13,dp_upper,0.91815,1.5157499,dp
13,dp_upper,0.90345,1.5157499,dp
13,dp_upper,0.88875,1.5157499,dp
13,dp_upper,0.88874996,1.50105,dp
13,dp_upper,0.90345,1.50105,dp
13,dp_upper,0.91815,1.50105,dp
14,p1_inner,0.17549942,1.5132425,p1
14,p1_inner,0.17549944,1.4752426,p1
14,p1_inner,0.17549944,1.4372429,p1
14,p1_inner,0.17549945,1.3992431,p1
14,p1_inner,0.17549945,1.3612434,p1
14,p1_inner,0.17549947,1.3232436,p1
14,p1_inner,0.17549947,1.2852437,p1
14,p1_inner,0.17549948,1.247244,p1
14,p1_inner,0.17549948,1.2092443,p1
14,p1_inner,0.17549948,1.1712445,p1
14,p1_inner,0.1754995,1.1332448,p1
14,p1_inner,0.1754995,1.0952449,p1
14,p1_inner,0.17549951,1.0572451,p1
14,p1_inner,0.17549951,1.0192454,p1
14,p1_inner,0.17549951,0.98124564,p1
14,p1_inner,0.17549953,0.9432458,p1
14,p1_inner,0.17549953,0.9052461,p1
14,p1_inner,0.17549953,0.8672463,p1
14,p1_inner,0.17549953,0.8292465,p1
14,p1_inner,0.17549954,0.7912468,p1
14,p1_inner,0.17549954,0.75324696,p1
14,p1_inner,0.17549954,0.7152472,p1
14,p1_inner,0.17549954,0.67724746,p1
14,p1_inner,0.17549962,0.6392477,p1
14,p1_inner,0.17549956,0.6012479,p1
14,p1_inner,0.17549956,0.5632481,p1
14,p1_inner,0.17549956,0.52524835,p1
14,p1_inner,0.17549956,0.48724854,p1
14,p1_inner,0.17549956,0.44924876,p1
14,p1_inner,0.17549956,0.411249,p1
14,p1_inner,0.17549956,0.37324923,p1
14,p1_inner,0.17549956,0.33524945,p1
14,p1_inner,0.17549956,0.29724967,p1
14,p1_inner,0.17549957,0.25924993,p1
14,p1_inner,0.17549957,0.22125015,p1
14,p1_inner,0.17549957,0.18325037,p1
14,p1_inner,0.17549956,0.1452506,p1
14,p1_inner,0.17549956,0.10725083,p1
14,p1_inner,0.17549956,0.06925106,p1
14,p1_inner,0.17549956,0.031251285,p1
14,p1_inner,0.17549956,-0.0067484872,p1
14,p1_inner,0.17549956,-0.044748258,p1
14,p1_inner,0.17549956,-0.082748026,p1
14,p1_inner,0.17549956,-0.1207478,p1
14,p1_inner,0.17549956,-0.15874758,p1
14,p1_inner,0.17549956,-0.19674735,p1
14,p1_inner,0.17549956,-0.23474713,p1
14,p1_inner,0.17549954,-0.2727469,p1
14,p1_inner,0.17549954,-0.31074667,p1
14,p1_inner,0.17549954,-0.34874645,p1
14,p1_inner,0.17549954,-0.38674623,p1
14,p1_inner,0.17549953,-0.42474598,p1
14,p1_inner,0.17549953,-0.46274576,p1
14,p1_inner,0.17549953,-0.50074553,p1
14,p1_inner,0.17549953,-0.5387453,p1
14,p1_inner,0.17549951,-0.57674503,p1
14,p1_inner,0.17549951,-0.61474484,p1
14,p1_inner,0.17549951,-0.6527446,p1
14,p1_inner,0.1754995,-0.69074434,p1
14,p1_inner,0.1754995,-0.72874415,p1
14,p1_inner,0.17549948,-0.7667439,p1
14,p1_inner,0.17549948,-0.8047437,p1
14,p1_inner,0.17549948,-0.84274346,p1
14,p1_inner,0.17549947,-0.8807432,p1
14,p1_inner,0.17549947,-0.918743,p1
14,p1_inner,0.17549945,-0.95674276,p1
14,p1_inner,0.17549945,-0.9947425,p1
14,p1_inner,0.17549944,-1.0327423,p1
14,p1_inner,0.17549944,-1.0707421,p1
14,p1_inner,0.17549942,-1.1087419,p1
14,p1_inner,0.17549942,-1.1467416,p1
14,p1_inner,0.17549941,-1.1847414,p1
14,p1_inner,0.1754994,-1.2227411,p1
14,p1_inner,0.1754994,-1.260741,p1
14,p1_inner,0.17549938,-1.2987407,p1
14,p1_inner,0.17549944,-1.3367404,p1
14,p1_inner,0.17549936,-1.3747402,p1
14,p1_inner,0.17549935,-1.41274,p1
14,p1_inner,0.17549935,-1.4507399,p1
14,p1_inner,0.17549933,-1.4887396,p1
14,p1_inner,0.17549935,-1.5267394,p1
14,p1_inner,0.17549953,1.5322423,p1
14,p1_inner,0.17549942,1.4942425,p1
14,p1_inner,0.17549944,1.4562428,p1
14,p1_inner,0.17549944,1.418243,p1
14,p1_inner,0.17549945,1.3802432,p1
14,p1_inner,0.17549945,1.3422434,p1
14,p1_inner,0.17549947,1.3042437,p1
14,p1_inner,0.17549947,1.2662439,p1
14,p1_inner,0.17549948,1.2282442,p1
14,p1_inner,0.17549948,1.1902443,p1
14,p1_inner,0.1754995,1.1522446,p1
14,p1_inner,0.1754995,1.1142448,p1
14,p1_inner,0.17549956,1.0762451,p1
14,p1_inner,0.17549951,1.0382453,p1
14,p1_inner,0.17549951,1.0002455,p1
14,p1_inner,0.17549951,0.9622457,p1
14,p1_inner,0.17549953,0.92424595,p1
14,p1_inner,0.17549953,0.8862462,p1
14,p1_inner,0.17549953,0.8482464,p1
14,p1_inner,0.17549954,0.81024665,p1
14,p1_inner,0.17549954,0.7722469,p1
14,p1_inner,0.17549954,0.7342471,p1
14,p1_inner,0.17549954,0.69624734,p1
14,p1_inner,0.17549954,0.65824753,p1
14,p1_inner,0.17549954,0.6202478,p1
14,p1_inner,0.17549956,0.58224803,p1
14,p1_inner,0.17549956,0.5442482,p1
14,p1_inner,0.17549956,0.5062485,p1
14,p1_inner,0.17549956,0.46824867,p1
14,p1_inner,0.17549956,0.4302489,p1
14,p1_inner,0.17549956,0.3922491,p1
14,p1_inner,0.17549956,0.35424936,p1
14,p1_inner,0.17549956,0.31624958,p1
14,p1_inner,0.17549956,0.2782498,p1
14,p1_inner,0.17549957,0.24025002,p1
14,p1_inner,0.17549957,0.20225026,p1
14,p1_inner,0.17549957,0.16425048,p1
14,p1_inner,0.17549956,0.12625071,p1
14,p1_inner,0.17549956,0.08825095,p1
14,p1_inner,0.17549956,0.05025117,p1
14,p1_inner,0.17549956,0.012251399,p1
14,p1_inner,0.17549956,-0.025748374,p1
14,p1_inner,0.17549956,-0.06374814,p1
14,p1_inner,0.17549956,-0.101747915,p1
14,p1_inner,0.17549956,-0.1397477,p1
14,p1_inner,0.17549956,-0.17774747,p1
14,p1_inner,0.17549956,-0.21574724,p1
14,p1_inner,0.17549954,-0.25374702,p1
14,p1_inner,0.17549954,-0.2917468,p1
14,p1_inner,0.17549954,-0.32974654,p1
14,p1_inner,0.17549954,-0.36774632,p1
14,p1_inner,0.1754996,-0.40574604,p1
14,p1_inner,0.17549953,-0.44374588,p1
14,p1_inner,0.17549959,-0.48174557,p1
14,p1_inner,0.17549953,-0.5197454,p1
14,p1_inner,0.17549951,-0.55774516,p1
14,p1_inner,0.17549951,-0.5957449,p1
14,p1_inner,0.17549951,-0.6337447,p1
14,p1_inner,0.1754995,-0.67174447,p1
14,p1_inner,0.1754995,-0.7097443,p1
14,p1_inner,0.1754995,-0.747744,p1
14,p1_inner,0.17549948,-0.7857438,p1
14,p1_inner,0.17549948,-0.8237436,p1
14,p1_inner,0.17549947,-0.86174333,p1
14,p1_inner,0.17549947,-0.8997431,p1
14,p1_inner,0.17549945,-0.9377429,p1
14,p1_inner,0.17549945,-0.97574264,p1
14,p1_inner,0.17549944,-1.0137424,p1
14,p1_inner,0.17549944,-1.0517422,p1
14,p1_inner,0.17549942,-1.089742,p1
14,p1_inner,0.17549942,-1.1277417,p1
14,p1_inner,0.17549941,-1.1657416,p1
14,p1_inner,0.17549941,-1.2037413,p1
14,p1_inner,0.1754994,-1.2417411,p1
14,p1_inner,0.1754994,-1.2797408,p1
14,p1_inner,0.17549938,-1.3177406,p1
14,p1_inner,0.17549936,-1.3557404,p1
14,p1_inner,0.17549936,-1.3937402,p1
14,p1_inner,0.17549935,-1.4317399,p1
14,p1_inner,0.17549933,-1.4697397,p1
14,p1_inner,0.17549933,-1.5077394,p1
14,p1_inner,0.20249936,-1.5172818,p1
14,p1_inner,0.20249937,-1.4792815,p1
14,p1_inner,0.20249937,-1.4412813,p1
14,p1_inner,0.20249939,-1.4032812,p1
14,p1_inner,0.20249939,-1.365281,p1
14,p1_inner,0.2024994,-1.3272808,p1
14,p1_inner,0.20249942,-1.2892805,p1
14,p1_inner,0.20249942,-1.2512804,p1
14,p1_inner,0.20249943,-1.2132802,p1
14,p1_inner,0.20249943,-1.17528,p1
14,p1_inner,0.20249945,-1.1372797,p1
14,p1_inner,0.20249945,-1.0992796,p1
14,p1_inner,0.20249946,-1.0612794,p1
14,p1_inner,0.20249946,-1.0232792,p1
14,p1_inner,0.20249946,-0.985279,p1
14,p1_inner,0.20249948,-0.9472788,p1
14,p1_inner,0.20249948,-0.90927863,p1
14,p1_inner,0.2024995,-0.8712784,p1
14,p1_inner,0.2024995,-0.83327824,p1
14,p1_inner,0.2024995,-0.795278,p1
14,p1_inner,0.20249951,-0.75727785,p1
14,p1_inner,0.20249951,-0.7192776,p1
14,p1_inner,0.20249951,-0.68127745,p1
14,p1_inner,0.20249952,-0.6432772,p1
14,p1_inner,0.20249952,-0.60527706,p1
14,p1_inner,0.20249952,-0.56727684,p1
14,p1_inner,0.20249952,-0.52927667,p1
14,p1_inner,0.20249954,-0.49127647,p1
14,p1_inner,0.20249954,-0.45327628,p1
14,p1_inner,0.20249954,-0.41527608,p1
14,p1_inner,0.20249954,-0.37727588,p1
14,p1_inner,0.20249955,-0.3392757,p1
14,p1_inner,0.20249955,-0.3012755,p1
14,p1_inner,0.20249955,-0.2632753,p1
14,p1_inner,0.20249955,-0.2252751,p1
14,p1_inner,0.20249955,-0.1872749,p1
14,p1_inner,0.20249955,-0.1492747,p1
14,p1_inner,0.20249955,-0.1112745,p1
14,p1_inner,0.20249955,-0.07327431,p1
14,p1_inner,0.20249957,-0.03527412,p1
14,p1_inner,0.20249957,0.0027260792,p1
14,p1_inner,0.20249957,0.040726278,p1
14,p1_inner,0.20249957,0.07872648,p1
14,p1_inner,0.20249957,0.116726674,p1
14,p1_inner,0.20249957,0.15472686,p1
14,p1_inner,0.20249957,0.19272706,p1
14,p1_inner,0.20249957,0.23072726,p1
14,p1_inner,0.20249957,0.26872745,p1
14,p1_inner,0.20249957,0.30672765,p1
14,p1_inner,0.20249957,0.34472784,p1
14,p1_inner,0.20249957,0.38272804,p1
14,p1_inner,0.20249957,0.42072824,p1
14,p1_inner,0.20249955,0.45872843,p1
14,p1_inner,0.20249955,0.49672863,p1
14,p1_inner,0.20249955,0.5347289,p1
14,p1_inner,0.20249955,0.57272905,p1
14,p1_inner,0.20249955,0.6107293,p1
14,p1_inner,0.20249955,0.64872944,p1
14,p1_inner,0.20249955,0.68672967,p1
14,p1_inner,0.20249954,0.72472984,p1
14,p1_inner,0.20249954,0.76273006,p1
14,p1_inner,0.20249954,0.8007302,p1
14,p1_inner,0.20249954,0.83873045,p1
14,p1_inner,0.20249952,0.8767306,p1
14,p1_inner,0.20249952,0.91473085,p1
14,p1_inner,0.20249952,0.952731,p1
14,p1_inner,0.20249952,0.99073124,p1
14,p1_inner,0.20249951,1.0287315,p1
14,p1_inner,0.20249951,1.0667316,p1
14,p1_inner,0.20249951,1.1047318,p1
14,p1_inner,0.2024995,1.142732,p1
14,p1_inner,0.2024995,1.1807323,p1
14,p1_inner,0.2024995,1.2187324,p1
14,p1_inner,0.20249948,1.2567326,p1
14,p1_inner,0.20249948,1.2947328,p1
14,p1_inner,0.20249946,1.332733,p1
14,p1_inner,0.20249946,1.3707331,p1
14,p1_inner,0.20249946,1.4087334,p1
14,p1_inner,0.20249945,1.4467336,p1
14,p1_inner,0.20249945,1.4847338,p1
14,p1_inner,0.20249943,1.5227339,p1
14,p1_inner,0.20249969,-1.5362817,p1
14,p1_inner,0.20249936,-1.4982816,p1
14,p1_inner,0.20249937,-1.4602815,p1
14,p1_inner,0.20249939,-1.4222813,p1
14,p1_inner,0.20249939,-1.384281,p1
14,p1_inner,0.2024994,-1.3462809,p1
14,p1_inner,0.2024994,-1.3082807,p1
14,p1_inner,0.20249942,-1.2702805,p1
14,p1_inner,0.20249942,-1.2322803,p1
14,p1_inner,0.20249943,-1.1942801,p1
14,p1_inner,0.20249943,-1.1562799,p1
14,p1_inner,0.20249945,-1.1182797,p1
14,p1_inner,0.20249945,-1.0802795,p1
14,p1_inner,0.20249946,-1.0422794,p1
14,p1_inner,0.20249946,-1.0042791,p1
14,p1_inner,0.20249948,-0.9662789,p1
14,p1_inner,0.20249948,-0.9282787,p1
14,p1_inner,0.20249948,-0.8902785,p1
14,p1_inner,0.2024995,-0.8522783,p1
14,p1_inner,0.2024995,-0.8142781,p1
14,p1_inner,0.20249951,-0.7762779,p1
14,p1_inner,0.20249951,-0.73827773,p1
14,p1_inner,0.20249951,-0.7002775,p1
14,p1_inner,0.20249951,-0.66227734,p1
14,p1_inner,0.20249952,-0.6242771,p1
14,p1_inner,0.20249952,-0.58627695,p1
14,p1_inner,0.20249952,-0.5482767,p1
14,p1_inner,0.20249954,-0.51027656,p1
14,p1_inner,0.20249954,-0.4722764,p1
14,p1_inner,0.20249954,-0.4342762,p1
14,p1_inner,0.20249954,-0.396276,p1
14,p1_inner,0.20249954,-0.3582758,p1
14,p1_inner,0.20249955,-0.3202756,p1
14,p1_inner,0.20249955,-0.2822754,p1
14,p1_inner,0.20249955,-0.2442752,p1
14,p1_inner,0.20249955,-0.206275,p1
14,p1_inner,0.20249955,-0.1682748,p1
14,p1_inner,0.20249955,-0.13027461,p1
14,p1_inner,0.20249957,-0.092274405,p1
14,p1_inner,0.20249957,-0.054274216,p1
14,p1_inner,0.20249957,-0.016274018,p1
14,p1_inner,0.20249957,0.021726178,p1
14,p1_inner,0.20249957,0.059726376,p1
14,p1_inner,0.20249957,0.097726576,p1
14,p1_inner,0.20249957,0.13572676,p1
14,p1_inner,0.20249957,0.17372696,p1
14,p1_inner,0.20249957,0.21172716,p1
14,p1_inner,0.20249957,0.24972737,p1
14,p1_inner,0.20249957,0.28772756,p1
14,p1_inner,0.20249957,0.32572776,p1
14,p1_inner,0.20249957,0.36372796,p1
14,p1_inner,0.20249957,0.40172815,p1
14,p1_inner,0.20249957,0.43972835,p1
14,p1_inner,0.20249955,0.47772855,p1
14,p1_inner,0.20249955,0.5157288,p1
14,p1_inner,0.20249955,0.55372894,p1
14,p1_inner,0.20249955,0.59172916,p1
14,p1_inner,0.20249955,0.62972933,p1
14,p1_inner,0.20249955,0.66772956,p1
14,p1_inner,0.20249955,0.7057297,p1
14,p1_inner,0.20249954,0.74372995,p1
14,p1_inner,0.20249954,0.7817301,p1
14,p1_inner,0.20249954,0.81973034,p1
14,p1_inner,0.20249954,0.8577305,p1
14,p1_inner,0.20249952,0.89573073,p1
14,p1_inner,0.20249952,0.9337309,p1
14,p1_inner,0.20249952,0.9717311,p1
14,p1_inner,0.20249952,1.0097313,p1
14,p1_inner,0.20249951,1.0477315,p1
14,p1_inner,0.20249951,1.0857317,p1
14,p1_inner,0.20249951,1.1237319,p1
14,p1_inner,0.2024995,1.1617321,p1
14,p1_inner,0.2024995,1.1997323,p1
14,p1_inner,0.2024995,1.2377325,p1
14,p1_inner,0.20249948,1.2757326,p1
14,p1_inner,0.20249948,1.3137329,p1
14,p1_inner,0.20249946,1.3517331,p1
14,p1_inner,0.20249946,1.3897333,p1
14,p1_inner,0.20249945,1.4277335,p1
14,p1_inner,0.20249945,1.4657336,p1
14,p1_inner,0.20249943,1.5037339,p1
15,p1_outer,0.18899947,1.5227344,p1
15,p1_outer,0.18899952,1.4847343,p1
15,p1_outer,0.18899953,1.4467341,p1
15,p1_outer,0.18899947,1.4087338,p1
15,p1_outer,0.18899949,1.3707336,p1
15,p1_outer,0.18899955,1.3327334,p1
15,p1_outer,0.18899949,1.2947332,p1
15,p1_outer,0.1889995,1.256733,p1
15,p1_outer,0.1889995,1.2187327,p1
15,p1_outer,0.18899952,1.1807326,p1
15,p1_outer,0.18899958,1.1427324,p1
15,p1_outer,0.18899958,1.1047322,p1
15,p1_outer,0.18899953,1.0667319,p1
15,p1_outer,0.1889996,1.0287317,p1
15,p1_outer,0.1889996,0.9907315,p1
15,p1_outer,0.18899955,0.9527313,p1
15,p1_outer,0.18899961,0.9147311,p1
15,p1_outer,0.18899961,0.87673086,p1
15,p1_outer,0.18899962,0.83873063,p1
15,p1_outer,0.18899962,0.80073047,p1
15,p1_outer,0.18899956,0.76273024,p1
15,p1_outer,0.18899962,0.72473,p1
15,p1_outer,0.18899964,0.6867298,p1
15,p1_outer,0.18899958,0.6487296,p1
15,p1_outer,0.18899958,0.6107294,p1
15,p1_outer,0.18899964,0.5727292,p1
15,p1_outer,0.18899958,0.53472894,p1
15,p1_outer,0.18899964,0.49672872,p1
15,p1_outer,0.18899958,0.45872852,p1
15,p1_outer,0.18899965,0.4207283,p1
15,p1_outer,0.18899965,0.3827281,p1
15,p1_outer,0.1889996,0.34472787,p1
15,p1_outer,0.1889996,0.30672768,p1
15,p1_outer,0.18899965,0.26872745,p1
15,p1_outer,0.18899965,0.23072726,p1
15,p1_outer,0.1889996,0.19272704,p1
15,p1_outer,0.18899965,0.15472683,p1
15,p1_outer,0.18899965,0.11672662,p1
15,p1_outer,0.18899965,0.07872641,p1
15,p1_outer,0.18899965,0.040726196,p1
15,p1_outer,0.18899965,0.0027259851,p1
15,p1_outer,0.18899965,-0.035274226,p1
15,p1_outer,0.18899958,-0.07327443,p1
15,p1_outer,0.18899964,-0.111274645,p1
15,p1_outer,0.18899958,-0.14927486,p1
15,p1_outer,0.18899964,-0.18727508,p1
15,p1_outer,0.18899964,-0.22527528,p1
15,p1_outer,0.18899964,-0.2632755,p1
15,p1_outer,0.18899958,-0.3012757,p1
15,p1_outer,0.18899956,-0.33927593,p1
15,p1_outer,0.18899956,-0.37727612,p1
15,p1_outer,0.18899956,-0.41527635,p1
15,p1_outer,0.18899962,-0.45327654,p1
15,p1_outer,0.18899962,-0.49127677,p1
15,p1_outer,0.18899961,-0.52927697,p1
15,p1_outer,0.18899961,-0.56727713,p1
15,p1_outer,0.18899955,-0.60527736,p1
15,p1_outer,0.1889996,-0.6432776,p1
15,p1_outer,0.18899953,-0.6812778,p1
15,p1_outer,0.1889996,-0.719278,p1
15,p1_outer,0.18899958,-0.7572782,p1
15,p1_outer,0.18899952,-0.79527843,p1
15,p1_outer,0.18899958,-0.83327866,p1
15,p1_outer,0.18899956,-0.8712788,p1
15,p1_outer,0.18899956,-0.90927905,p1
15,p1_outer,0.18899949,-0.9472793,p1
15,p1_outer,0.18899949,-0.9852795,p1
15,p1_outer,0.18899955,-1.0232797,p1
15,p1_outer,0.18899953,-1.0612799,p1
15,p1_outer,0.18899953,-1.0992801,p1
15,p1_outer,0.18899952,-1.1372803,p1
15,p1_outer,0.18899952,-1.1752805,p1
15,p1_outer,0.1889995,-1.2132807,p1
15,p1_outer,0.18899949,-1.2512809,p1
15,p1_outer,0.18899949,-1.2892811,p1
15,p1_outer,0.18899947,-1.3272814,p1
15,p1_outer,0.1889994,-1.3652816,p1
15,p1_outer,0.1889994,-1.4032818,p1
15,p1_outer,0.18899944,-1.4412819,p1
15,p1_outer,0.18899944,-1.4792821,p1
15,p1_outer,0.18899943,-1.5172825,p1
15,p1_outer,0.18899946,1.5037344,p1
15,p1_outer,0.18899952,1.4657341,p1
15,p1_outer,0.18899947,1.4277339,p1
15,p1_outer,0.18899947,1.3897337,p1
15,p1_outer,0.18899949,1.3517336,p1
15,p1_outer,0.18899949,1.3137333,p1
15,p1_outer,0.18899956,1.2757331,p1
15,p1_outer,0.18899956,1.2377329,p1
15,p1_outer,0.18899958,1.1997327,p1
15,p1_outer,0.18899958,1.1617324,p1
15,p1_outer,0.18899952,1.1237322,p1
15,p1_outer,0.18899953,1.085732,p1
15,p1_outer,0.1889996,1.0477318,p1
15,p1_outer,0.1889996,1.0097317,p1
15,p1_outer,0.18899961,0.9717314,p1
15,p1_outer,0.18899961,0.9337312,p1
15,p1_outer,0.18899961,0.895731,p1
15,p1_outer,0.18899955,0.85773075,p1
15,p1_outer,0.18899956,0.8197306,p1
15,p1_outer,0.18899956,0.78173035,p1
15,p1_outer,0.18899956,0.7437301,p1
15,p1_outer,0.18899962,0.7057299,p1
15,p1_outer,0.18899956,0.66772974,p1
15,p1_outer,0.18899964,0.6297295,p1
15,p1_outer,0.18899964,0.5917293,p1
15,p1_outer,0.18899964,0.55372906,p1
15,p1_outer,0.18899958,0.51572883,p1
15,p1_outer,0.18899958,0.47772864,p1
15,p1_outer,0.18899958,0.4397284,p1
15,p1_outer,0.18899965,0.4017282,p1
15,p1_outer,0.18899965,0.363728,p1
15,p1_outer,0.18899965,0.3257278,p1
15,p1_outer,0.1889996,0.28772756,p1
15,p1_outer,0.18899965,0.24972737,p1
15,p1_outer,0.1889996,0.21172714,p1
15,p1_outer,0.18899965,0.17372693,p1
15,p1_outer,0.18899965,0.13572672,p1
15,p1_outer,0.1889996,0.09772652,p1
15,p1_outer,0.18899965,0.0597263,p1
15,p1_outer,0.18899965,0.02172609,p1
15,p1_outer,0.18899965,-0.01627412,p1
15,p1_outer,0.18899958,-0.05427433,p1
15,p1_outer,0.18899958,-0.09227454,p1
15,p1_outer,0.18899958,-0.13027476,p1
15,p1_outer,0.18899964,-0.16827497,p1
15,p1_outer,0.18899964,-0.20627518,p1
15,p1_outer,0.18899964,-0.24427539,p1
15,p1_outer,0.18899958,-0.2822756,p1
15,p1_outer,0.18899964,-0.3202758,p1
15,p1_outer,0.18899956,-0.35827604,p1
15,p1_outer,0.18899956,-0.39627624,p1
15,p1_outer,0.18899956,-0.43427646,p1
15,p1_outer,0.18899956,-0.47227666,p1
15,p1_outer,0.18899955,-0.51027685,p1
15,p1_outer,0.18899961,-0.548277,p1
15,p1_outer,0.18899955,-0.58627725,p1
15,p1_outer,0.18899961,-0.6242775,p1
15,p1_outer,0.18899953,-0.6622777,p1
15,p1_outer,0.1889996,-0.70027786,p1
15,p1_outer,0.1889996,-0.7382781,p1
15,p1_outer,0.18899952,-0.7762783,p1
15,p1_outer,0.18899958,-0.81427854,p1
15,p1_outer,0.18899956,-0.8522787,p1
15,p1_outer,0.18899956,-0.89027894,p1
15,p1_outer,0.18899949,-0.92827916,p1
15,p1_outer,0.18899955,-0.9662794,p1
15,p1_outer,0.18899947,-1.0042796,p1
15,p1_outer,0.18899953,-1.0422798,p1
15,p1_outer,0.18899953,-1.08028,p1
15,p1_outer,0.18899952,-1.1182802,p1
15,p1_outer,0.18899952,-1.1562804,p1
15,p1_outer,0.1889995,-1.1942806,p1
15,p1_outer,0.18899943,-1.2322809,p1
15,p1_outer,0.18899949,-1.2702811,p1
15,p1_outer,0.18899949,-1.3082812,p1
15,p1_outer,0.18899947,-1.3462814,p1
15,p1_outer,0.1889994,-1.3842816,p1
15,p1_outer,0.18899946,-1.4222819,p1
15,p1_outer,0.18899938,-1.4602821,p1
15,p1_outer,0.18899944,-1.4982823,p1
15,p1_outer,0.18899985,-1.5362824,p1
15,p1_outer,0.21599936,1.5132664,p1
15,p1_outer,0.21599936,1.4752667,p1
15,p1_outer,0.21599938,1.4372668,p1
15,p1_outer,0.21599938,1.3992671,p1
15,p1_outer,0.2159994,1.3612672,p1
15,p1_outer,0.2159994,1.3232673,p1
15,p1_outer,0.2159994,1.2852676,p1
15,p1_outer,0.2159994,1.2472677,p1
15,p1_outer,0.21599941,1.209268,p1
15,p1_outer,0.21599941,1.1712681,p1
15,p1_outer,0.21599942,1.1332684,p1
15,p1_outer,0.21599942,1.0952685,p1
15,p1_outer,0.21599942,1.0572687,p1
15,p1_outer,0.21599942,1.0192689,p1
15,p1_outer,0.21599944,0.98126906,p1
15,p1_outer,0.21599944,0.94326925,p1
15,p1_outer,0.21599944,0.90526944,p1
15,p1_outer,0.21599945,0.86726964,p1
15,p1_outer,0.21599945,0.82926977,p1
15,p1_outer,0.21599945,0.79126996,p1
15,p1_outer,0.21599945,0.75327015,p1
15,p1_outer,0.21599945,0.71527034,p1
15,p1_outer,0.21599947,0.67727053,p1
15,p1_outer,0.21599947,0.6392707,p1
15,p1_outer,0.21599947,0.6012709,p1
15,p1_outer,0.21599947,0.5632711,p1
15,p1_outer,0.21599947,0.5252713,p1
15,p1_outer,0.21599947,0.48727143,p1
15,p1_outer,0.21599947,0.44927162,p1
15,p1_outer,0.21599947,0.41127178,p1
15,p1_outer,0.21599947,0.37327197,p1
15,p1_outer,0.21599948,0.33527216,p1
15,p1_outer,0.21599948,0.29727235,p1
15,p1_outer,0.21599948,0.25927252,p1
15,p1_outer,0.21599948,0.2212727,p1
15,p1_outer,0.21599948,0.1832729,p1
15,p1_outer,0.21599948,0.14527307,p1
15,p1_outer,0.21599948,0.10727327,p1
15,p1_outer,0.21599948,0.06927346,p1
15,p1_outer,0.21599948,0.031273637,p1
15,p1_outer,0.21599948,-0.0067261783,p1
15,p1_outer,0.21599947,-0.044725996,p1
15,p1_outer,0.21599947,-0.08272581,p1
15,p1_outer,0.21599947,-0.120725624,p1
15,p1_outer,0.21599947,-0.15872544,p1
15,p1_outer,0.21599947,-0.19672526,p1
15,p1_outer,0.21599947,-0.23472507,p1
15,p1_outer,0.21599947,-0.2727249,p1
15,p1_outer,0.21599947,-0.3107247,p1
15,p1_outer,0.21599945,-0.3487245,p1
15,p1_outer,0.21599945,-0.38672435,p1
15,p1_outer,0.21599945,-0.42472416,p1
15,p1_outer,0.21599945,-0.46272397,p1
15,p1_outer,0.21599945,-0.5007238,p1
15,p1_outer,0.21599944,-0.5387236,p1
15,p1_outer,0.21599944,-0.5767234,p1
15,p1_outer,0.21599944,-0.6147232,p1
15,p1_outer,0.21599944,-0.652723,p1
15,p1_outer,0.21599942,-0.6907228,p1
15,p1_outer,0.21599942,-0.72872263,p1
15,p1_outer,0.21599942,-0.76672244,p1
15,p1_outer,0.21599941,-0.8047223,p1
15,p1_outer,0.21599941,-0.8427221,p1
15,p1_outer,0.21599941,-0.8807219,p1
15,p1_outer,0.2159994,-0.91872174,p1
15,p1_outer,0.2159994,-0.95672154,p1
15,p1_outer,0.2159994,-0.99472135,p1
15,p1_outer,0.21599938,-1.0327212,p1
15,p1_outer,0.21599938,-1.070721,p1
15,p1_outer,0.21599936,-1.1087208,p1
15,p1_outer,0.21599942,-1.1467205,p1
15,p1_outer,0.21599935,-1.1847204,p1
15,p1_outer,0.21599934,-1.2607201,p1
15,p1_outer,0.21599934,-1.2987199,p1
15,p1_outer,0.21599932,-1.3367198,p1
15,p1_outer,0.21599932,-1.3747195,p1
15,p1_outer,0.2159993,-1.4127194,p1
15,p1_outer,0.21599936,-1.4507191,p1
15,p1_outer,0.21599936,-1.488719,p1
15,p1_outer,0.21599932,-1.5267187,p1
15,p1_outer,0.21599934,1.5322664,p1
15,p1_outer,0.21599936,1.4942666,p1
15,p1_outer,0.21599936,1.4562668,p1
15,p1_outer,0.21599938,1.4182669,p1
15,p1_outer,0.21599938,1.3802671,p1
15,p1_outer,0.2159994,1.3422673,p1
15,p1_outer,0.2159994,1.3042675,p1
15,p1_outer,0.2159994,1.2662677,p1
15,p1_outer,0.21599941,1.2282679,p1
15,p1_outer,0.21599941,1.190268,p1
15,p1_outer,0.21599942,1.1522682,p1
15,p1_outer,0.21599942,1.1142684,p1
15,p1_outer,0.21599942,1.0762686,p1
15,p1_outer,0.21599942,1.0382688,p1
15,p1_outer,0.21599944,1.0002689,p1
15,p1_outer,0.21599944,0.9622691,p1
15,p1_outer,0.21599944,0.9242693,p1
15,p1_outer,0.21599944,0.8862695,p1
15,p1_outer,0.21599945,0.8482697,p1
15,p1_outer,0.21599945,0.8102699,p1
15,p1_outer,0.21599945,0.7722701,p1
15,p1_outer,0.21599945,0.7342703,p1
15,p1_outer,0.21599945,0.69627047,p1
15,p1_outer,0.21599947,0.6582706,p1
15,p1_outer,0.21599947,0.6202708,p1
15,p1_outer,0.21599947,0.582271,p1
15,p1_outer,0.21599947,0.5442712,p1
15,p1_outer,0.21599947,0.50627136,p1
15,p1_outer,0.21599947,0.46827152,p1
15,p1_outer,0.21599947,0.4302717,p1
15,p1_outer,0.21599947,0.39227188,p1
15,p1_outer,0.21599947,0.35427207,p1
15,p1_outer,0.21599948,0.31627226,p1
15,p1_outer,0.21599948,0.27827245,p1
15,p1_outer,0.21599948,-1.2227327,p1
15,p1_outer,0.21599948,0.24027263,p1
15,p1_outer,0.21599948,0.2022728,p1
15,p1_outer,0.21599948,0.164273,p1
15,p1_outer,0.21599948,0.12627317,p1
15,p1_outer,0.21599948,0.08827336,p1
15,p1_outer,0.21599948,0.050273545,p1
15,p1_outer,0.21599948,0.012273729,p1
15,p1_outer,0.21599948,-0.025726087,p1
15,p1_outer,0.21599947,-0.0637259,p1
15,p1_outer,0.21599947,-0.10172571,p1
15,p1_outer,0.21599947,-0.13972554,p1
15,p1_outer,0.21599947,-0.17772536,p1
15,p1_outer,0.21599947,-0.21572517,p1
15,p1_outer,0.21599947,-0.253725,p1
15,p1_outer,0.21599947,-0.2917248,p1
15,p1_outer,0.21599947,-0.3297246,p1
15,p1_outer,0.21599945,-0.36772442,p1
15,p1_outer,0.21599945,-0.40572426,p1
15,p1_outer,0.21599951,-0.443724,p1
15,p1_outer,0.21599945,-0.48172387,p1
15,p1_outer,0.21599945,-0.51972365,p1
15,p1_outer,0.21599944,-0.55772346,p1
15,p1_outer,0.21599944,-0.5957233,p1
15,p1_outer,0.21599944,-0.63372314,p1
15,p1_outer,0.21599942,-0.67172295,p1
15,p1_outer,0.21599942,-0.70972276,p1
15,p1_outer,0.21599942,-0.74772257,p1
15,p1_outer,0.21599942,-0.7857224,p1
15,p1_outer,0.21599941,-0.8237222,p1
15,p1_outer,0.21599941,-0.861722,p1
15,p1_outer,0.21599941,-0.8997218,p1
15,p1_outer,0.2159994,-0.93772167,p1
15,p1_outer,0.2159994,-0.9757215,p1
15,p1_outer,0.21599938,-1.0137212,p1
15,p1_outer,0.21599938,-1.0517211,p1
15,p1_outer,0.21599936,-1.0897208,p1
15,p1_outer,0.21599936,-1.1277207,p1
15,p1_outer,0.21599936,-1.1657206,p1
15,p1_outer,0.21599935,-1.2037203,p1
15,p1_outer,0.21599935,-1.2417202,p1
15,p1_outer,0.21599934,-1.27972,p1
15,p1_outer,0.21599934,-1.3177198,p1
15,p1_outer,0.21599932,-1.3557196,p1
15,p1_outer,0.21599932,-1.3937194,p1
15,p1_outer,0.21599936,-1.4317192,p1
15,p1_outer,0.21599936,-1.469719,p1
15,p1_outer,0.21599935,-1.5077188,p1
16,p4_lower,1.4350002,-1.04985,p4
16,p4_lower,1.5350002,-1.04685,p4
16,p4_lower,1.5100002,-1.04685,p4
16,p4_lower,1.4850003,-1.04685,p4
16,p4_lower,1.4600002,-1.04685,p4
16,p4_lower,1.4350001,-1.08785,p4
16,p4_lower,1.4350001,-1.12585,p4
16,p4_lower,1.4610001,-1.16385,p4
16,p4_lower,1.4350002,-1.16385,p4
16,p4_lower,1.4610001,-1.12585,p4
16,p4_lower,1.4870001,-1.08785,p4
16,p4_lower,1.4610002,-1.08785,p4
16,p4_lower,1.4870001,-1.12585,p4
16,p4_lower,1.5130001,-1.16385,p4
16,p4_lower,1.4870001,-1.16385,p4
16,p4_lower,1.5130001,-1.12585,p4
16,p4_lower,1.5390002,-1.08785,p4
16,p4_lower,1.5130001,-1.08785,p4
16,p4_lower,1.539,-1.12585,p4
16,p4_lower,1.5650002,-1.16385,p4
16,p4_lower,1.5390002,-1.16385,p4
16,p4_lower,1.565,-1.12585,p4
16,p4_lower,1.565,-1.08785,p4
17,p4_upper,1.4350002,1.0401499,p4
17,p4_upper,1.5350002,1.0371499,p4
17,p4_upper,1.5100002,1.0371499,p4
17,p4_upper,1.4850003,1.0371499,p4
17,p4_upper,1.4600002,1.0371499,p4
17,p4_upper,1.4350001,1.0781499,p4
17,p4_upper,1.4350001,1.1161499,p4
17,p4_upper,1.4610001,1.1541499,p4
17,p4_upper,1.4350002,1.1541499,p4
17,p4_upper,1.4610001,1.1161499,p4
17,p4_upper,1.4870001,1.0781499,p4
17,p4_upper,1.4610002,1.0781499,p4
17,p4_upper,1.4870001,1.1161499,p4
17,p4_upper,1.5130001,1.1541499,p4
17,p4_upper,1.4870001,1.1541499,p4
17,p4_upper,1.5130001,1.1161499,p4
17,p4_upper,1.5390002,1.0781499,p4
17,p4_upper,1.5130001,1.0781499,p4
17,p4_upper,1.539,1.1161499,p4
17,p4_upper,1.5650002,1.1541499,p4
17,p4_upper,1.5390002,1.1541499,p4
17,p4_upper,1.565,1.1161499,p4
17,p4_upper,1.565,1.0781499,p4
18,p5_lower,1.585,-0.42035004,p5
18,p5_lower,1.61,-0.42035004,p5
18,p5_lower,1.635,-0.42035004,p5
18,p5_lower,1.66,-0.42035004,p5
18,p5_lower,1.685,-0.42035004,p5
18,p5_lower,1.585,-0.38135004,p5
18,p5_lower,1.585,-0.34235004,p5
18,p5_lower,1.585,-0.30335003,p5
18,p5_lower,1.635,-0.38135004,p5
18,p5_lower,1.635,-0.34235004,p5
18,p5_lower,1.635,-0.30335003,p5
18,p5_lower,1.66,-0.30335003,p5
18,p5_lower,1.66,-0.34232005,p5
18,p5_lower,1.66,-0.38135004,p5
18,p5_lower,1.685,-0.38135004,p5
18,p5_lower,1.6850001,-0.34235004,p5
18,p5_lower,1.6850001,-0.30335003,p5
18,p5_lower,1.715,-0.30335006,p5
18,p5_lower,1.715,-0.34235004,p5
18,p5_lower,1.715,-0.38135004,p5
18,p5_lower,1.715,-0.42035004,p5
18,p5_lower,1.6099776,-0.32117972,p5
18,p5_lower,1.60998,-0.36498255,p5
19,p5_upper,1.585,0.41065004,p5
19,p5_upper,1.61,0.41065004,p5
19,p5_upper,1.635,0.41065004,p5
19,p5_upper,1.66,0.41065004,p5
19,p5_upper,1.685,0.41065004,p5
19,p5_upper,1.585,0.37165004,p5
19,p5_upper,1.585,0.33265004,p5
19,p5_upper,1.585,0.29365003,p5
19,p5_upper,1.635,0.37165004,p5
19,p5_upper,1.635,0.33265004,p5
19,p5_upper,1.635,0.29365003,p5
19,p5_upper,1.66,0.29365003,p5
19,p5_upper,1.66,0.33262005,p5
19,p5_upper,1.66,0.37165004,p5
19,p5_upper,1.685,0.37165004,p5
19,p5_upper,1.6850001,0.33265004,p5
19,p5_upper,1.6850001,0.29365003,p5
19,p5_upper,1.715,0.29365006,p5
19,p5_upper,1.715,0.33265004,p5
19,p5_upper,1.715,0.37165004,p5
19,p5_upper,1.715,0.41065004,p5
19,p5_upper,1.6099776,0.31147972,p5
19,p5_upper,1.60998,0.35528255,p5
20,p6_lower,1.2887001,-1.00165,p6
20,p6_lower,1.2887001,-0.98135,p6
20,p6_lower,1.3090001,-0.96105,p6
20,p6_lower,1.2887001,-0.96105,p6
20,p6_lower,1.3090001,-0.98135,p6
20,p6_lower,1.33415,-0.93675,p6
20,p6_lower,1.33415,-0.91645,p6
20,p6_lower,1.35445,-0.89615,p6
20,p6_lower,1.33415,-0.89615,p6
20,p6_lower,1.35445,-0.91645,p6
21,p6_upper,1.2887001,0.996165,p6
21,p6_upper,1.2887001,0.975865,p6
21,p6_upper,1.3090001,0.955565,p6
21,p6_upper,1.2887001,0.955565,p6
21,p6_upper,1.3090001,0.975865,p6
21,p6_upper,1.33415,0.931265,p6
21,p6_upper,1.33415,0.910965,p6
21,p6_upper,1.35445,0.890665,p6
21,p6_upper,1.33415,0.890665,p6
21,p6_upper,1.35445,0.910965,p6
22,pc/,0.059501145,-0.7815211,pc
22,pc/,0.059501152,-0.7595208,pc
22,pc/,0.059501156,-0.73752064,pc
22,pc/,0.05950116,-0.7155204,pc
22,pc/,0.059501164,-0.6935202,pc
22,pc/,0.05950121,-0.67151994,pc
22,pc/,0.05950117,-0.64951974,pc
22,pc/,0.059501175,-0.6275195,pc
22,pc/,0.05950118,-0.6055193,pc
22,pc/,0.059501223,-0.58351904,pc
22,pc/,0.059501186,-0.56151885,pc
22,pc/,0.05950119,-0.53951865,pc
22,pc/,0.05950119,-0.5175184,pc
22,pc/,0.059501193,-0.4955182,pc
22,pc/,0.059501234,-0.47351798,pc
22,pc/,0.059501197,-0.45151776,pc
22,pc/,0.059501197,-0.42951757,pc
22,pc/,0.059501197,-0.40751734,pc
22,pc/,0.0595012,-0.38551712,pc
22,pc/,0.0595012,-0.3635169,pc
22,pc/,0.0595012,-0.34151667,pc
22,pc/,0.0595012,-0.31951645,pc
22,pc/,0.0595012,-0.29751623,pc
22,pc/,0.0595012,-0.275516,pc
22,pc/,0.0595012,-0.25351578,pc
22,pc/,0.0595012,-0.23151556,pc
22,pc/,0.0595012,-0.20951533,pc
22,pc/,0.059501197,-0.18751511,pc
22,pc/,0.05950124,-0.1655149,pc
22,pc/,0.059501193,-0.14351468,pc
22,pc/,0.059501193,-0.121514454,pc
22,pc/,0.05950119,-0.09951423,pc
22,pc/,0.05950119,-0.077514015,pc
22,pc/,0.059501186,-0.055513795,pc
22,pc/,0.059501223,-0.033513576,pc
22,pc/,0.059501223,-0.011513355,pc
22,pc/,0.05950118,0.0104868645,pc
22,pc/,0.059501175,0.032487083,pc
22,pc/,0.05950117,0.054487307,pc
22,pc/,0.059501167,0.07648753,pc
22,pc/,0.059501164,0.09848775,pc
22,pc/,0.059501156,0.12048797,pc
22,pc/,0.059501152,0.1424882,pc
22,pc/,0.05950115,0.1644884,pc
22,pc/,0.05950114,0.18648863,pc
22,pc/,0.059501138,0.20848885,pc
22,pc/,0.05950113,0.23048908,pc
22,pc/,0.059501126,0.25248927,pc
22,pc/,0.05950112,0.2744895,pc
22,pc/,0.059501115,0.29648972,pc
22,pc/,0.059501108,0.31848994,pc
22,pc/,0.0595011,0.34049016,pc
22,pc/,0.059501134,0.3624904,pc
22,pc/,0.059501085,0.3844906,pc
22,pc/,0.059501078,0.40649086,pc
22,pc/,0.05950111,0.4284907,pc
22,pc/,0.0595011,0.4504913,pc
22,pc/,0.059501093,0.4724915,pc
22,pc/,0.059501085,0.4944919,pc
22,pc/,0.059501074,0.51649207,pc
22,pc/,0.059500895,0.5384923,pc
22,pc/,0.059501056,0.5604925,pc
22,pc/,0.059501044,0.5824928,pc
22,pc/,0.059501037,0.60449296,pc
22,pc/,0.059501026,0.6264932,pc
22,pc/,0.059501052,0.6484934,pc
22,pc/,0.059501458,0.67049366,pc
22,pc/,0.059501767,0.69249403,pc
22,pc/,0.059501983,0.71449417,pc
22,pc/,0.059502114,0.7364944,pc
22,pc/,0.059500955,0.7584946,pc
22,pc/,0.07150049,0.7584885,pc
22,pc/,0.0715005,0.73648864,pc
22,pc/,0.07150051,0.7144888,pc
22,pc/,0.07150052,0.692489,pc
22,pc/,0.07150053,0.6704892,pc
22,pc/,0.07150054,0.64848936,pc
22,pc/,0.07150055,0.6264895,pc
22,pc/,0.071500555,0.60448974,pc
22,pc/,0.07150057,0.5824899,pc
22,pc/,0.07150058,0.5604901,pc
22,pc/,0.071500584,0.5384903,pc
22,pc/,0.07150059,0.51649046,pc
22,pc/,0.0715006,0.4944906,pc
22,pc/,0.07150061,0.4724908,pc
22,pc/,0.071500614,0.45049098,pc
22,pc/,0.07150062,0.42849118,pc
22,pc/,0.07150063,0.40649134,pc
22,pc/,0.07150064,0.38449153,pc
22,pc/,0.071500644,0.36249173,pc
22,pc/,0.07150065,0.3404919,pc
22,pc/,0.07150066,0.31849208,pc
22,pc/,0.07150067,0.29649228,pc
22,pc/,0.071500674,0.27449244,pc
22,pc/,0.071500674,0.25249264,pc
22,pc/,0.07150068,0.23049283,pc
22,pc/,0.07150069,0.20849301,pc
22,pc/,0.071500696,0.1864932,pc
22,pc/,0.071500696,0.16449338,pc
22,pc/,0.0715007,0.14249356,pc
22,pc/,0.07150071,0.12049374,pc
22,pc/,0.07150071,0.09849393,pc
22,pc/,0.07150072,0.07649444,pc
22,pc/,0.07150066,0.05449432,pc
22,pc/,0.071500726,0.032494564,pc
22,pc/,0.071500726,0.010494695,pc
22,pc/,0.07150073,-0.01150511,pc
22,pc/,0.07150073,-0.03350492,pc
22,pc/,0.07150074,-0.055504724,pc
22,pc/,0.07150074,-0.07750453,pc
22,pc/,0.07150085,-0.09950434,pc
22,pc/,0.07150132,-0.12150415,pc
22,pc/,0.07150154,-0.14350395,pc
22,pc/,0.071501546,-0.16550376,pc
22,pc/,0.071500786,-0.18750356,pc
22,pc/,0.071500756,-0.20950337,pc
22,pc/,0.07150076,-0.23150317,pc
22,pc/,0.07150076,-0.253503,pc
22,pc/,0.07150076,-0.2755028,pc
22,pc/,0.07150076,-0.2975026,pc
22,pc/,0.07150076,-0.3195024,pc
22,pc/,0.07150076,-0.34150222,pc
22,pc/,0.071500726,-0.36350203,pc
22,pc/,0.07150077,-0.38550183,pc
22,pc/,0.07150077,-0.40750164,pc
22,pc/,0.07150077,0.3955016,pc
22,pc/,0.07150077,-0.42950144,pc
22,pc/,0.07150077,-0.45150125,pc
22,pc/,0.07150077,-0.47350106,pc
22,pc/,0.07150076,-0.49550086,pc
22,pc/,0.07150076,-0.51750064,pc
22,pc/,0.07150076,-0.5395005,pc
22,pc/,0.07150076,-0.56150025,pc
22,pc/,0.07150076,-0.5835001,pc
22,pc/,0.07150076,-0.60549986,pc
22,pc/,0.071500756,-0.6274997,pc
22,pc/,0.071500756,-0.6494995,pc
22,pc/,0.071500756,-0.6714993,pc
22,pc/,0.071500756,-0.6934991,pc
22,pc/,0.07150075,-0.7154989,pc
22,pc/,0.07150075,-0.7374987,pc
22,pc/,0.07150074,-0.75949854,pc
22,pc/,0.071500696,-0.7814983,pc
22,pc/,0.07150044,0.76950276,pc
22,pc/,0.07150045,0.747503,pc
22,pc/,0.071500465,0.72550315,pc
22,pc/,0.07150047,0.7035034,pc
22,pc/,0.07150049,0.68150353,pc
22,pc/,0.071501285,0.65950376,pc
22,pc/,0.07150129,0.6375039,pc
22,pc/,0.07150111,0.61550415,pc
22,pc/,0.07150067,0.5935043,pc
22,pc/,0.071500055,0.57150453,pc
22,pc/,0.07150054,0.5495047,pc
22,pc/,0.07150055,0.5275049,pc
22,pc/,0.071500555,0.5055051,pc
22,pc/,0.07150056,0.48350528,pc
22,pc/,0.07150057,0.46150535,pc
22,pc/,0.07150058,0.43950567,pc
22,pc/,0.071500584,0.4175054,pc
22,pc/,0.0715006,0.37350622,pc
22,pc/,0.07150061,0.3515064,pc
22,pc/,0.071500614,0.3295066,pc
22,pc/,0.07150062,0.30750677,pc
22,pc/,0.07150062,0.28550696,pc
22,pc/,0.07150063,0.26350716,pc
22,pc/,0.07150064,0.24150734,pc
22,pc/,0.071500644,0.21950753,pc
22,pc/,0.07150065,0.19750771,pc
22,pc/,0.07150065,0.17550789,pc
22,pc/,0.07150066,0.15350808,pc
22,pc/,0.07150067,0.13150826,pc
22,pc/,0.07150067,0.10950844,pc
22,pc/,0.071500674,0.08750863,pc
22,pc/,0.07150068,0.06550881,pc
22,pc/,0.07150068,0.043508988,pc
22,pc/,0.07150069,0.021509174,pc
22,pc/,0.07150069,-0.0004906445,pc
22,pc/,0.071500696,-0.02249046,pc
22,pc/,0.071500696,-0.044490278,pc
22,pc/,0.071500696,-0.06649009,pc
22,pc/,0.0715007,-0.08848991,pc
22,pc/,0.0715007,-0.110489726,pc
22,pc/,0.07150071,-0.13248955,pc
22,pc/,0.07150071,-0.15448935,pc
22,pc/,0.07150071,-0.17648917,pc
22,pc/,0.07150072,-0.198489,pc
22,pc/,0.07150072,-0.22048882,pc
22,pc/,0.07150072,-0.24248862,pc
22,pc/,0.07150072,-0.26448846,pc
22,pc/,0.07150072,-0.28648826,pc
22,pc/,0.07150072,-0.3084881,pc
22,pc/,0.071500726,-0.3304879,pc
22,pc/,0.071500726,-0.3524877,pc
22,pc/,0.071500726,-0.37448755,pc
22,pc/,0.071500726,-0.39648736,pc
22,pc/,0.071500726,-0.41848716,pc
22,pc/,0.071500726,-0.440487,pc
22,pc/,0.071500726,-0.4624868,pc
22,pc/,0.071500726,-0.48448664,pc
22,pc/,0.071500726,-0.5064864,pc
22,pc/,0.07150076,-0.52848625,pc
22,pc/,0.07150076,-0.550486,pc
22,pc/,0.07150076,-0.57248586,pc
22,pc/,0.07150076,-0.5944857,pc
22,pc/,0.071500756,-0.6164855,pc
22,pc/,0.071500756,-0.6384853,pc
22,pc/,0.071500756,-0.66048515,pc
22,pc/,0.071500756,-0.6824849,pc
22,pc/,0.07150075,-0.70448476,pc
22,pc/,0.07150075,-0.7264846,pc
22,pc/,0.07150075,-0.7484844,pc
22,pc/,0.07150074,-0.7704842,pc
22,pc/,0.059500996,-0.7264997,pc
22,pc/,0.059500992,-0.74849993,pc
22,pc/,0.059501003,-0.7044995,pc
22,pc/,0.05950118,-0.77049994,pc
22,pc/,0.059501007,-0.68249923,pc
22,pc/,0.05950101,-0.660499,pc
22,pc/,0.059501015,-0.6384987,pc
22,pc/,0.05950102,-0.61649853,pc
22,pc/,0.059501022,-0.5944983,pc
22,pc/,0.059501022,-0.572498,pc
22,pc/,0.059501026,-0.55049783,pc
22,pc/,0.05950122,-0.5284974,pc
22,pc/,0.059501223,-0.50649714,pc
22,pc/,0.059501223,-0.48449695,pc
22,pc/,0.059501037,-0.4624969,pc
22,pc/,0.059501037,-0.44049665,pc
22,pc/,0.059501037,-0.41849643,pc
22,pc/,0.05950104,-0.3964962,pc
22,pc/,0.05950104,-0.37449595,pc
22,pc/,0.05950104,-0.35249573,pc
22,pc/,0.05950104,-0.33049548,pc
22,pc/,0.05950104,-0.30849525,pc
22,pc/,0.05950104,-0.28649503,pc
22,pc/,0.059501298,-0.26399353,pc
22,pc/,0.05950121,-0.2424945,pc
22,pc/,0.059501234,-0.22049432,pc
22,pc/,0.059501164,-0.19849414,pc
22,pc/,0.059501242,-0.17649369,pc
22,pc/,0.05950121,-0.1544935,pc
22,pc/,0.059501186,-0.1324933,pc
22,pc/,0.059501212,-0.110493094,pc
22,pc/,0.059501216,-0.08849269,pc
22,pc/,0.059501216,-0.06649246,pc
22,pc/,0.059501212,-0.044492226,pc
22,pc/,0.0595012,-0.022491988,pc
22,pc/,0.059501212,-0.0004917532,pc
22,pc/,0.05950121,0.021508474,pc
22,pc/,0.059501205,0.043508697,pc
22,pc/,0.059501007,0.06550876,pc
22,pc/,0.059501193,0.1095094,pc
22,pc/,0.059501186,0.13150962,pc
22,pc/,0.059501182,0.15350984,pc
22,pc/,0.05950118,0.17551006,pc
22,pc/,0.05950117,0.19751029,pc
22,pc/,0.059501167,0.21951051,pc
22,pc/,0.05950116,0.24151072,pc
22,pc/,0.059501156,0.26351094,pc
22,pc/,0.059501193,0.087509185,pc
22,pc/,0.05950115,0.28551117,pc
22,pc/,0.05950114,0.30751115,pc
22,pc/,0.059501138,0.32951137,pc
22,pc/,0.05950113,0.3515116,pc
22,pc/,0.059501123,0.37351203,pc
22,pc/,0.059501115,0.39551225,pc
22,pc/,0.059501108,0.41751248,pc
22,pc/,0.0595011,0.4395125,pc
22,pc/,0.059501093,0.46151292,pc
22,pc/,0.05950108,0.48351315,pc
22,pc/,0.059501074,0.5055132,pc
22,pc/,0.059501067,0.5275136,pc
22,pc/,0.059501056,0.54951364,pc
22,pc/,0.05950105,0.57151383,pc
22,pc/,0.059501037,0.59351426,pc
22,pc/,0.05950103,0.6155145,pc
22,pc/,0.05950102,0.6375147,pc
22,pc/,0.059501007,0.6595147,pc
22,pc/,0.059500996,0.6815149,pc
22,pc/,0.05950099,0.7035152,pc
22,pc/,0.059500784,0.7255156,pc
22,pc/,0.059500773,0.7475156,pc
22,pc/,0.059500955,0.76951605,pc
23,px_lower,0.24849965,-1.4284064,px
23,px_lower,0.24849975,-1.0484055,px
23,px_lower,0.24849974,-1.0674056,px
23,px_lower,0.2344998,-1.0436499,px
23,px_lower,0.24849974,-1.0864056,px
23,px_lower,0.24849974,-1.1054057,px
23,px_lower,0.24849972,-1.1244056,px
23,px_lower,0.24849972,-1.1434057,px
23,px_lower,0.24849972,-1.1624057,px
23,px_lower,0.2484997,-1.1814058,px
23,px_lower,0.2484997,-1.2004058,px
23,px_lower,0.2484997,-1.2194059,px
23,px_lower,0.24849969,-1.238406,px
23,px_lower,0.24849969,-1.257406,px
23,px_lower,0.24849969,-1.2764059,px
23,px_lower,0.24849968,-1.295406,px
23,px_lower,0.24849968,-1.314406,px
23,px_lower,0.24849968,-1.3334061,px
23,px_lower,0.24849966,-1.3524061,px
23,px_lower,0.24849966,-1.3714062,px
23,px_lower,0.24849966,-1.3904063,px
23,px_lower,0.24849965,-1.4094063,px
23,px_lower,0.2344997,-1.4236492,px
23,px_lower,0.2344997,-1.4046491,px
23,px_lower,0.23449971,-1.3856492,px
23,px_lower,0.23449971,-1.3666493,px
23,px_lower,0.23449971,-1.3476493,px
23,px_lower,0.23449971,-1.3286494,px
23,px_lower,0.23449972,-1.3096493,px
23,px_lower,0.23449972,-1.2906494,px
23,px_lower,0.23449974,-1.2716495,px
23,px_lower,0.23449974,-1.2526495,px
23,px_lower,0.23449974,-1.2336496,px
23,px_lower,0.23449975,-1.2146496,px
23,px_lower,0.23449975,-1.1956496,px
23,px_lower,0.23449977,-1.1766497,px
23,px_lower,0.23449977,-1.1576498,px
23,px_lower,0.23449977,-1.1386498,px
23,px_lower,0.23449978,-1.1196498,px
23,px_lower,0.23449978,-1.1006498,px
23,px_lower,0.2344998,-1.0816499,px
23,px_lower,0.2344998,-1.06265,px
24,px_upper,0.24849965,1.4164063,px
24,px_upper,0.24849975,1.0364054,px
24,px_upper,0.24849974,1.0554055,px
24,px_upper,0.2344998,1.0316498,px
24,px_upper,0.24849974,1.0744056,px
24,px_upper,0.24849974,1.0934056,px
24,px_upper,0.24849972,1.1124055,px
24,px_upper,0.24849972,1.1314056,px
24,px_upper,0.24849972,1.1504056,px
24,px_upper,0.2484997,1.1694057,px
24,px_upper,0.2484997,1.1884058,px
24,px_upper,0.2484997,1.2074058,px
24,px_upper,0.24849969,1.2264059,px
24,px_upper,0.24849969,1.2454059,px
24,px_upper,0.24849969,1.2644058,px
24,px_upper,0.24849968,1.2834059,px
24,px_upper,0.24849968,1.302406,px
24,px_upper,0.24849968,1.321406,px
24,px_upper,0.24849966,1.3404061,px
24,px_upper,0.24849966,1.3594061,px
24,px_upper,0.24849966,1.3784062,px
24,px_upper,0.24849965,1.3974062,px
24,px_upper,0.2344997,1.4116491,px
24,px_upper,0.2344997,1.392649,px
24,px_upper,0.23449971,1.3736491,px
24,px_upper,0.23449971,1.3546492,px
24,px_upper,0.23449971,1.3356493,px
24,px_upper,0.23449971,1.3166493,px
24,px_upper,0.23449972,1.2976493,px
24,px_upper,0.23449972,1.2786493,px
24,px_upper,0.23449974,1.2596494,px
24,px_upper,0.23449974,1.2406495,px
24,px_upper,0.23449974,1.2216495,px
24,px_upper,0.23449975,1.2026495,px
24,px_upper,0.23449975,1.1836495,px
24,px_upper,0.23449977,1.1646496,px
24,px_upper,0.23449977,1.1456497,px
24,px_upper,0.23449977,1.1266497,px
24,px_upper,0.23449978,1.1076497,px
24,px_upper,0.23449978,1.0886497,px
24,px_upper,0.2344998,1.0696498,px
24,px_upper,0.2344998,1.0506499,px
