0,1,2,3,4,5,6,7,8,9,10,11,12,13,14,15,16,17,18,19,20,21,22,23,24,25,26,27,28,29,30,31,32,33,34,35,36,37,38,39,40,41,42,43,44,45,46,47,48,49,50,51,52,53,54,55,56,57,58,59,60,61,62,63,64
1.2104102324329569,1.2099658048540711,1.2095045802942248,1.2090372021423001,1.2085807436103162,1.2081595508296998,1.2077960311876486,1.2074939000927214,1.20721869,1.2068778519380312,1.2063229420869215,1.2054851850503079,1.2045943889994373,1.2039999524745635,1.2038586207660484,1.2041957008304889,1.2050052535502347,1.2061435743148248,1.207236942670418,1.2079592406526838,1.2082642772912047,1.2082572214066267,1.2080524945556053,1.2077348534005439,1.2073621216778025,1.206973898602559,1.2065978928229535,1.2062537613016457,1.2059554143671414,1.2057125193482487,1.2055316088296493,1.205416957710642,1.205371446107084,1.2053970300213401,1.205493807354284,1.2056591980705298,1.2058882342621848,1.2061736256923854,1.206505124074496,1.2068683227252908,1.2072429415342587,1.2076002451915708,1.2078987459799384,1.2080772145288057,1.2080458814191184,1.207687014448324,1.206907655039069,1.2057980710801042,1.204717037917516,1.2040040994916927,1.2037637487435007,1.2039937769526896,1.2046589603006757,1.2055683122112952,1.2063683081376517,1.2068849450753796,1.2072212573767462,1.2075181714289027,1.2078505785843558,1.2082403953330056,1.208678294146471,1.209141448179399,1.209607785728172,1.2100629650022674,1.2104984106668353
1.2063228029890851,1.2053126218017236,1.2042644973700969,1.2032005926269427,1.2021592049150425,1.2011980894583443,1.2003727427934843,1.199696938449461,1.199098239856905,1.1983693857719613,1.1971397855701413,1.1951732885023294,1.193049218859352,1.1916641410222029,1.191340786850514,1.1921031395879265,1.193971907957084,1.196662273854681,1.1992354466576287,1.2008784119617426,1.2015363987201069,1.201487738158468,1.2010002545183418,1.200264508353546,1.1994090502127617,1.1985218666077164,1.197664684970445,1.1968814378781034,1.196203184301518,1.1956514099103883,1.1952405938952129,1.1949802008818933,1.1948765722307872,1.1949344439897567,1.1951543041269532,1.1955301865693142,1.196050800142376,1.1966998591644018,1.1974545962029233,1.1982829067340461,1.1991395270896599,1.1999604927516145,1.2006537511786135,1.201083126797322,1.2010460015909628,1.2002634020615295,1.1984780945521394,1.1958567325616865,1.1933083310897372,1.1916700345407807,1.191128018275239,1.1916541516169041,1.1932105632161576,1.1953793723476995,1.1972416677406592,1.1983750611671753,1.1990967360702494,1.1997497314894958,1.2004975615576725,1.2013839670951918,1.202382980898753,1.2034388591238485,1.2044996344862002,1.205533505346758,1.2065229363419456
1.2006003873585944,1.1987913969571935,1.1969151423103523,1.1950055578308063,1.193129726791302,1.1913974188916239,1.189919886621065,1.188735128475988,1.1877282824625224,1.1865428897088286,1.1844453673032072,1.1807480227575626,1.1766608952524162,1.1741069552181607,1.1735303630949323,1.1748771273245358,1.1782816971276722,1.1833879814974366,1.1882403284130665,1.191171625386924,1.1922543684643256,1.1920855521195488,1.191158357903605,1.1898070335612532,1.1882543234607292,1.1866529573409412,1.1851105338578738,1.1837039694066118,1.182487659509436,1.181499103827494,1.1807635025229555,1.1802971799459854,1.180110821708882,1.1802138420911488,1.1806078545059588,1.1812817367891937,1.182215261569384,1.1833798692077468,1.1847358679237636,1.186227164173515,1.1877746505791895,1.189266990653883,1.1905447644326932,1.1913719541322079,1.191391581585021,1.1900820354405224,1.1868618325335496,1.1818861865450918,1.177072792468899,1.1741098929322775,1.1731559717830655,1.1740960951799526,1.1769878498646986,1.181167186059337,1.184621206125726,1.1865237942954363,1.1877070300963937,1.188824342380393,1.1901462005675683,1.1917362325159668,1.1935360937296218,1.195435911457193,1.1973378978446247,1.1991873552315053,1.2009583564059507
1.1932563841069628,1.1904105186814091,1.1874618709974223,1.1844491365122134,1.1814741029013551,1.1787229078951702,1.1763957249554233,1.174579213223467,1.1731218053513985,1.1715069958567759,1.1685119597345348,1.1622850338645498,1.155177951586685,1.1510654772789122,1.1501884876907036,1.1522444939874683,1.1576599016721987,1.1663650374983157,1.174554274718718,1.1790863891562533,1.1805749086550243,1.1801433365837577,1.1785780215535755,1.1763862466762398,1.173902812161629,1.1713586564527243,1.1689172561719021,1.1666963356056919,1.1647791155322742,1.1632226864093531,1.1620654232608205,1.1613317769420226,1.1610366143344772,1.1611973241962903,1.161818102,1.162880114028985,1.164351488876291,1.1661884862097018,1.1683308298981563,1.1706928711816678,1.1731539376335423,1.1755450588133016,1.1776261112988018,1.1790424931008043,1.1792501294181676,1.177404080329536,1.1723461120593828,1.1638533940282425,1.1557237488917362,1.151062553797095,1.1496121707767972,1.1510532088825953,1.1557706066775255,1.1630712903118252,1.168761302070943,1.1714096281804225,1.1730508719505015,1.1747103357843574,1.1767587714727532,1.1792689384476234,1.1821253067178308,1.1851336948109026,1.1881302475921596,1.1910342803790217,1.1938187607882518
1.1843072961432342,1.1801799121607608,1.1759138051400202,1.1715302639733947,1.167169301200125,1.1631260275969784,1.1597382659883535,1.157179366,1.1552759019378498,1.1533698090614644,1.149760811936215,1.1398606989120152,1.1280561701888925,1.122100045513196,1.120938841932981,1.1237560550940304,1.1315283494263009,1.1455989265176492,1.1585977909662653,1.1648624984043316,1.1666044353246254,1.1656797793944584,1.1632312647241076,1.159940195,1.1562668470395703,1.152541038313324,1.1489689700667294,1.145735379798508,1.1429518195781145,1.1406875759749933,1.1390142846487217,1.137947494622375,1.1375138195563423,1.1377499982548438,1.1386462615489241,1.1401924894296818,1.142332011643769,1.1450007917855418,1.148129154083425,1.151576867518895,1.1551914549739717,1.158737298442856,1.1618696577570335,1.164124697672209,1.1647393151688539,1.1624966948281392,1.155361403394474,1.1415809008676614,1.1286957617303235,1.122105716396164,1.1201217935687224,1.1220725936083178,1.1290356791162548,1.1413123060645722,1.1500335152411196,1.1530953455821866,1.155108083972156,1.1573568485407764,1.1602800872222727,1.1639429556403742,1.168135711346617,1.1725363345041218,1.1768884449658548,1.1810859033785719,1.1851214961344987
1.1737714499488179,1.1681092151280381,1.1622865416969201,1.156252696,1.150188493785872,1.1445413444415102,1.139858813290425,1.1364573115727987,1.1341562982948632,1.1322073545568376,1.1281398660398385,1.1130731235262787,1.0935593303333984,1.0859046592089812,1.0845812417227265,1.088090025649493,1.0981378917654387,1.1204531868977357,1.1402982272759676,1.1480003764631235,1.1496620019333967,1.1479182448494396,1.1442870214101648,1.1396025977022977,1.1344487838507127,1.129287877425844,1.1243368766865833,1.119882406760814,1.1160630130209914,1.1129413586513193,1.1106591399411505,1.1091920714697077,1.1085836865356304,1.108914612,1.1101366631180263,1.1122689169405675,1.1152120372100454,1.1188771140167817,1.1232034530380455,1.127965213,1.1329932739301982,1.1379772850603547,1.1424461583858057,1.145851288830847,1.1471954923278125,1.1449054723970828,1.1359300201792673,1.1138376523032094,1.0943425656743286,1.0859606203077175,1.0834875132835806,1.0858101417587975,1.094974999049884,1.1158584525436026,1.1282901248728725,1.1316054535663835,1.133826865,1.1366878954886486,1.1406322237450066,1.145706282862999,1.1515512402409516,1.157653782613179,1.1636306106705696,1.1693539527047976,1.1748856677026347
1.1616667261638256,1.154205743907845,1.1466061573198387,1.1386295044391368,1.1305048321881541,1.122880337487384,1.1166349027385074,1.1122989341716951,1.109676625494333,1.1080944258777556,1.1043952599985254,1.0851460021661754,1.0558229579372989,1.0476069165094803,1.0458810530609066,1.0504735773139797,1.0614752747161886,1.0944620467843817,1.1205118985721327,1.1286693377426797,1.1296982450386488,1.1267478932782555,1.1215274851291266,1.1151182648538078,1.108165047160368,1.101272754269609,1.0947015483075067,1.088795482,1.0837654939696544,1.079642333133072,1.076633389,1.0747128859644914,1.073911828,1.074339626023703,1.0759767110060445,1.0787838388400786,1.0826674219056314,1.087524371,1.0932379306909892,1.099584589712311,1.1063069689458915,1.1130161780679466,1.1191872518551222,1.1240953123379829,1.1266038869919923,1.1248608466171532,1.1151559507742166,1.082555043606632,1.057312627423374,1.0472609596281293,1.0449054591296203,1.047236335667143,1.0569439017937865,1.0896544160777057,1.104005392052204,1.1069281224957508,1.1091090476895487,1.112599351114052,1.1177058777229252,1.1244914194997333,1.1323588349160627,1.140503925279673,1.1483872133427715,1.1558469487680036,1.163127517026762
1.1480036204931687,1.138528258313707,1.128955183822515,1.1187420366031444,1.1081548794985445,1.0980355306508958,1.0899563683371063,1.0846011831081848,1.081716155234537,1.0810655146088262,1.0800564870213765,1.0669148182068244,1.0477956472200765,1.0406424030586277,1.0397746745095273,1.0438582689145746,1.0550562294593582,1.0798586124527896,1.1009484145344954,1.1080282997255886,1.1076894267297155,1.1029689235441236,1.0957460566320063,1.0872005296416163,1.078153033366675,1.0691871594529276,1.0607421018916532,1.0531619977006614,1.0466841615475218,1.0414585303482526,1.0375885472776023,1.0351571330789124,1.0341975009537392,1.0347687569132464,1.0368822506344304,1.040475129308654,1.045447040670749,1.0516766437839367,1.0590091934343153,1.067207077564373,1.0759265430224552,1.0847055079626982,1.0929445941157498,1.0997882713108582,1.1039972461973746,1.1035635967310984,1.0950652504980172,1.071486691783629,1.0498392816787727,1.0406396727319982,1.037759686,1.039694574038223,1.0483502059667045,1.0687214904897748,1.078469955602724,1.0789637707031863,1.0808233350930627,1.085006049219326,1.091380034569263,1.1002538288896542,1.1106020475387637,1.1211246646653672,1.1312626576243057,1.1406144915815046,1.1498275397107731
1.133075105,1.1213455008590416,1.1096862745983207,1.0968018160832111,1.0832500826229876,1.0701959810433859,1.0596966033112314,1.0533516641617429,1.0502798549886616,1.0508250987763954,1.0553945076337234,1.0517787564686436,1.0423397922945232,1.0377159979981427,1.037475554,1.0413008450677093,1.0507936889240372,1.0676356797571254,1.0819345909782483,1.0864059431178545,1.0838466879735105,1.076830162590716,1.0671687982277858,1.0561031985355915,1.0445662096394495,1.0332233603931584,1.022591496820447,1.0130878639982168,1.0049924866953583,0.998476441,0.9936496017255575,0.9906312993269178,0.9894737406626446,0.9902189054415715,0.9928693729805536,0.9973643484143256,1.0035784962435346,1.011370063233232,1.0205693977371377,1.0308992941247663,1.0419469770569012,1.0531645785664434,1.0638791337308031,1.073129972477526,1.0796193358792963,1.0814403315688135,1.0758168048227805,1.0605493430224942,1.0453195827635104,1.0375010249386314,1.0348316355939158,1.0359868486596702,1.0414851945078514,1.0507952376395948,1.051813699354041,1.0472910597423843,1.049040403207568,1.0538270757867167,1.0616239349985082,1.0730340773669023,1.0863854082939277,1.0998399633489249,1.1124808255099945,1.1239765997287932,1.1353987029547357
1.1175106334753222,1.103473390580187,1.088630121808229,1.0727168103075264,1.0556624881594705,1.0388426977419447,1.025357522813787,1.0181262784114866,1.0150304716706888,1.0162478811833164,1.0302705006509978,1.0367325325227352,1.0351418621543158,1.0336059207022108,1.0341498782831566,1.0373519540019571,1.0443181046095582,1.0549082410914083,1.063060550345966,1.0639030700839232,1.0583789397580177,1.0484641543529034,1.0358563456020515,1.021817512350112,1.0073933082981557,0.993318615,0.9801840072885176,0.9684968884956967,0.9585790392416877,0.9506313330201202,0.9447841876671739,0.9411460501022586,0.9397747748758325,0.940703365,0.9439273270435308,0.9493881057530675,0.9569699857418615,0.9665222172350582,0.9778418783926327,0.9906123665760679,1.0043450403581713,1.0183945319301093,1.0320391809010523,1.0442119175171618,1.0536017407115048,1.0584588928717573,1.0567815796539244,1.0482243164638207,1.0386546260365954,1.0330284883446896,1.030851565355384,1.0310228463088638,1.032873314080504,1.033483143798083,1.023833695400378,1.0104382065067932,1.0135651855302308,1.0187324974601042,1.0279240476198048,1.042553680410361,1.0596361548656934,1.0764504555170444,1.0920930614159985,1.1065335309203854,1.1200196123026822
1.1007754653509494,1.0841626549431294,1.066130719330843,1.0466989879552127,1.0254485600203318,1.0038258285358108,0.9863549156899873,0.9785702001690436,0.976844471,0.9781584030474798,1.005617886,1.0220281530985045,1.0270712575739847,1.0286702568795731,1.0299830403184993,1.0322545208943554,1.0363167562208593,1.0415192801801705,1.0440056536040263,1.0405499662758655,1.0313645662913962,1.0179305288132572,1.0018409460698487,0.9843345906615293,0.9665984402402462,0.9494957048642735,0.9336857213426537,0.9196909087034889,0.9078606433354522,0.8984170948071846,0.891502568,0.8872190059911274,0.8856236505557452,0.8867433635106815,0.8905693286199718,0.8970455911085635,0.9060634681983393,0.9174668438452138,0.931030579,0.9464091256783225,0.9630888420449841,0.980384219,0.9974541177580262,1.0130913317083705,1.0260140651673657,1.0346244843068113,1.0375020227226897,1.034875577,1.030422308468855,1.0274308268461303,1.0260287115361042,1.0252187242257302,1.0234976123919077,1.0168707781532162,0.9958387455948922,0.9688812527349928,0.9752839690186945,0.9793225405040585,0.9898068290391351,1.0086796833863532,1.0304593850639636,1.0512486328101958,1.070263601041285,1.0877359550257601,1.1038126048687646
1.0828596437088385,1.0634181974595152,1.0422432531583066,1.018985203043776,0.992928703,0.9651178932198899,0.9418521794089098,0.9339489151207618,0.9382628792884686,0.9458136104562177,0.9837673030450731,1.008261320553777,1.0188832169763264,1.0233324131519355,1.0252563660714433,1.0263262988093576,1.027293326514368,1.0275337250935443,1.0245793834563217,1.0163405619105705,1.0028551196365612,0.9852701770291885,0.9651421174156383,0.9438323,0.9225549054723856,0.9022465162781876,0.8836208741711908,0.8672186639325005,0.8534072326719123,0.8424210814478231,0.8344070651463966,0.8294607609181044,0.82763524,0.8289522638953144,0.8334007852465426,0.8409284402949267,0.8514335132793504,0.8647590784710428,0.8806674884632102,0.8987941482803762,0.9186036494784693,0.9393724790762603,0.9601785136949864,0.9798039084619623,0.996895641,1.0099002931264236,1.0177524175092212,1.0207151546486382,1.021093278855265,1.0210070907635482,1.0206610781778733,1.0190506647391933,1.0141730001145626,1.0016209184485128,0.9717699187202116,0.9343971626817789,0.9357757102873845,0.9348551081042432,0.9465885963721229,0.9714998744965442,0.9991512121422911,1.0244866803448145,1.0470384765812528,1.0675677092153384,1.086217969700038
1.0640116774795687,1.0413205332584972,1.0168444478544516,0.9896648210455942,0.9582993758403571,0.9226847819088507,0.890516692,0.883047564,0.8998070972612902,0.9212858671050106,0.9658370219526471,0.9960593402392401,1.0112034519400086,1.0180406866174248,1.0203084191183702,1.0199156998620034,1.017640137547873,1.0130803673805964,1.0047139631220785,0.9912711453967977,0.9728887796277856,0.9507002420185565,0.9262067388945877,0.9008243188854703,0.8758053151098842,0.8521427084685111,0.8305915147982463,0.8117076803687022,0.795867643,0.7833094857344518,0.7741777848492428,0.7685597394480242,0.7665017052791483,0.7680205913228717,0.7731046866664596,0.7817067091525574,0.7937334801499485,0.8090324086682558,0.8273623458519961,0.8483490577249965,0.8714414595185849,0.8958845939893868,0.9206995206192689,0.9446430687152235,0.9663189158795389,0.984260229,0.9974592607340339,1.005932884938371,1.0110584463802488,1.0140972854181733,1.0151017486218845,1.0130027987117722,1.0055538691743624,0.988414728,0.953544302,0.9091212314183764,0.8960650398629085,0.883803641,0.8972098485019796,0.9310794396673872,0.9659268220137593,0.9961682161074376,1.022369570037592,1.0461110036640824,1.0680297764257547
1.0442737335511383,1.0177112246840343,0.9901207573894736,0.9590255573116914,0.9220831239712718,0.876836984,0.8299340645317158,0.822379837,0.861589024,0.9052535350655836,0.9520812170244356,0.9858855166948243,1.004568080870196,1.0132413139770466,1.0155077797642222,1.0133815665741996,1.0076976075386672,0.9983243114632344,0.9844261382068962,0.9654746253155814,0.9418485761330551,0.9147119901149315,0.8855685405153276,0.8558854350378309,0.8269575690545066,0.7998226666991537,0.7752653881381115,0.753850597,0.7359550552221424,0.7218119406624686,0.7115570041983295,0.7052660023781833,0.7029763667077616,0.7047000160990603,0.7104258243905278,0.7201133971067065,0.733680666,0.7509848539179166,0.7717898312976783,0.795720945,0.8222191169830393,0.8505063558451833,0.8795619012589821,0.9081103158921563,0.9347153783869617,0.9579244253008923,0.9766803023362851,0.9907222960820933,1.0006652034376389,1.0070593246254216,1.009731977013689,1.0075424256431926,0.99817853,0.9776503672837229,0.9407387353938748,0.894515353,0.855190702,0.822611856,0.8398868195689732,0.8878320433297437,0.9312617766566391,0.966569848,0.9963655800345657,1.023356172544867,1.0488372364788607
1.0238280468611045,0.9940968534939788,0.9623990012860528,0.9274090783081739,0.885136987,0.828985778,0.7568520794430119,0.7461637655328784,0.8220932329310844,0.8883224788352305,0.9410882197221005,0.9780672391943671,0.9994482451074846,1.0093658314592517,1.011234251749626,1.0070860125513705,0.9977870332999275,0.983480753,0.9639961675195363,0.9393495121012909,0.9102073339857246,0.8778431667037359,0.8438130250015063,0.8096430689069808,0.7766737064270345,0.7459789194376105,0.7183626587243445,0.6943907986430728,0.6744316973768604,0.658705475,0.6473327867017388,0.6403744394184407,0.6378568583844102,0.6397866479354248,0.6461543148670195,0.6569283162383794,0.6720408037219797,0.6913643915691606,0.7146760586130156,0.7416097468426556,0.7716068011514179,0.8038748822890985,0.8373611868593995,0.8707533732879305,0.9025658444713759,0.9313022286496541,0.9557810028566482,0.9754226792388024,0.9902442936170521,1.0002582350711393,1.0049433122179598,1.0031115538436495,0.9924994722908782,0.9695058824904459,0.9303743862598803,0.8773458508853914,0.8123985329149829,0.7446899616216643,0.7731562317328353,0.843136708,0.8958972541085386,0.935991141,0.9694216870046766,1.0003453875112427,1.0289117549459745
1.0028676993073005,0.9696053549678971,0.9338762655079302,0.8951111834908673,0.8485643245314216,0.7822086904489856,0.6721688921104735,0.6461249152728191,0.7841827462597049,0.8726610941450437,0.9328084366434781,0.9729252657310886,0.9962739163328319,1.006825752157497,1.007866593845882,1.0013939316572622,0.988254568,0.968963669,0.9438339554598564,0.9133491925583245,0.8784835154832208,0.840673772,0.8015692971503018,0.762767892,0.7256586063538637,0.6913453853725129,0.660642292,0.6341078173001687,0.6120934,0.5947984060729044,0.5823224974476374,0.5747079692695486,0.5719682704817861,0.5741042897158781,0.5811090744061757,0.5929619142600562,0.6096124742142534,0.6309542027190893,0.6567847925544392,0.6867554314458445,0.720316395,0.7566691852664342,0.7947355133207509,0.8331616484311061,0.8703980356540585,0.9048595552243901,0.9351899879354441,0.9604802739350657,0.980251409,0.9940651417539667,1.001126515858338,1.0001263924787327,0.9889199756581287,0.9641771932685065,0.9223182124546128,0.86101162,0.7705364404221808,0.6367606228244221,0.6994346568317247,0.7996408163675267,0.8607403879649621,0.9046656345246944,0.9418812472671115,0.9765520602069971,1.0086766175733552
0.981330559,0.944144973,0.9042501222259435,0.8622558386345609,0.8134799852590898,0.7412219746348301,0.5943250167675765,0.5409864580942774,0.754735544,0.8612532594801046,0.9280069719757448,0.9708524394322643,0.9954518531295679,1.0060093964449508,1.0057747676789388,0.9966677036381548,0.9795437343869114,0.9552175766791869,0.924396188,0.8879735171212615,0.8472360508374622,0.8038204080253244,0.7595019459757939,0.7159642768550809,0.6746488244785219,0.6366849070935252,0.6028887015583652,0.5738031301965854,0.5497546677496069,0.5309148475266438,0.5173569704452563,0.509101466,0.5061470180385962,0.5084883970852211,0.5161219768417022,0.5290397495772718,0.54721209,0.5705583739235861,0.5989039998059263,0.6319254788881321,0.6690901272941591,0.7096005894408822,0.7523574239576211,0.7959605885333035,0.8387807979194309,0.8791095643399156,0.9153829843848205,0.946365102,0.9711520270976299,0.9889264165873297,0.9986681612580591,0.9989780123551077,0.9878234720548252,0.9619996895042536,0.9175782912225047,0.84900169,0.7376723484679546,0.5196633639240412,0.6344440728684159,0.7610815422354646,0.8266553048818895,0.87264559,0.9131694783592605,0.9518705260960253,0.9875582325474773
0.9595685447294314,0.9177535015531659,0.8732612491312775,0.8286492378076258,0.780594947,0.7104675334080066,0.5615906651865414,0.5095876852622934,0.7411118115582335,0.8564291363521438,0.9275693604239174,0.972298075,0.9973719228489922,1.0072781983605783,1.0053121291644147,0.9933061732728959,0.9720942304831751,0.9427051186484797,0.9061742315211792,0.8637596641579526,0.8170578212313038,0.7679297855819598,0.71830301,0.6699610099388865,0.6244020012032786,0.5827775827049473,0.5458993080876573,0.5142870299455241,0.48823497293480067,0.46788057071579797,0.4532660873599978,0.4443871630477541,0.44122620028821397,0.4437715090468454,0.45202344659227384,0.46598834602146844,0.4856601621413529,0.5109887292287665,0.5418333689418898,0.577903192,0.6186898946669848,0.6634034301863447,0.710925791,0.7598051256942315,0.8083170668705053,0.8546029490517435,0.8968695576389459,0.9335623794181365,0.9634070185095122,0.9852705738482666,0.997954652,1.0000316868305477,0.9895843570511073,0.9634097823202624,0.9172034700060028,0.8439849096234004,0.7230716270986413,0.4871869025839705,0.6033506597468067,0.7308248110990693,0.7941255548582824,0.8396866732054088,0.883091702,0.9263475718928479,0.9667321968086611
0.9375903344164246,0.8904931220592258,0.8405155774834102,0.793605365,0.7497981330919711,0.6912870608363686,0.5786434307906873,0.5532578156691135,0.7458715452467362,0.8594335219745862,0.9322189775389915,0.9777185738725549,1.0024034617141635,1.0109592773007152,1.0068025198187107,0.9916930353088473,0.9663344636131042,0.9318972917206194,0.8896827932747747,0.8412729725667024,0.7885683782883434,0.7336718425914053,0.6786842484477691,0.6255026615617244,0.5756873008793922,0.5304104225355181,0.4904736172396294,0.45636722304674743,0.4283469573157777,0.4065109025960225,0.39086648511815536,0.38138224554416644,0.3780231699439488,0.38077087149742217,0.3896302013610685,0.4046231244698373,0.42576951824864345,0.45305344798824343,0.4863734163989263,0.5254773840414793,0.5698876972495723,0.6188264562330587,0.6711580870460526,0.7253727194423967,0.7796362490348093,0.8319183048791495,0.8801815673094575,0.9225632955081964,0.9574636153631387,0.9834941562974838,0.9993339902313989,1.003617687,0.9945634566246733,0.9688650272539948,0.9219961186219504,0.8473194266782562,0.7297637429961323,0.5385103085807608,0.6110888798795876,0.7098866811191941,0.7629168927197518,0.8050995256224668,0.8513328782094052,0.9000651497877225,0.9454458545248355
0.9158021420529374,0.8624871980583225,0.8053894685817727,0.7557246090230119,0.7199893884941047,0.681174298,0.6219875951605772,0.6366015116909562,0.7651989780546034,0.8703174912690766,0.9424357908977418,0.987545178,1.01088707,1.0173346027090049,1.010525210769584,0.9921662775192406,0.962670324,0.9232632503734884,0.8754493508919475,0.8210978158224894,0.7624063806841007,0.7017328348084806,0.641369994,0.5833419941943141,0.529277311,0.480368821,0.4374043872931743,0.4008397483150955,0.3708871456969131,0.3476012857965973,0.330952018,0.3208792604017178,0.3173299366373007,0.3202788794664574,0.3297357670596303,0.34573902480041435,0.3683360833373679,0.3975480536655695,0.43331673127214054,0.4754339354148829,0.5234576083369139,0.5766253169979614,0.6337832897240632,0.6933564231855056,0.7533864605454349,0.8116527582729344,0.8658625351594629,0.9138552162300561,0.9537449770271197,0.9839486759085594,1.0030774930352329,1.0100185904529801,1.0030975208523671,0.978795191,0.9324409640512477,0.858908812,0.7523766353766639,0.6322775524104911,0.6406342156702078,0.6964041852202439,0.7319165483103499,0.7675463692530389,0.8173923609426742,0.8731867875655213,0.9244442961012259
0.8946675103554463,0.8340597924422901,0.7670744517283595,0.7125784560426747,0.6892816117532675,0.6759377568903908,0.6596906298105106,0.6933623289605869,0.7926462767970825,0.8883206663547285,0.9585102219843518,1.0021868035331454,1.0231257295845422,1.0266264129069393,1.0166998107650935,0.9950032131825999,0.9614737471166881,0.9172598611832323,0.8640039438669378,0.8038285617895867,0.7392219939908304,0.672808674,0.607090811,0.5442336980982871,0.48594175508972703,0.43343024431007454,0.3874713325739317,0.348482694,0.31662966354412453,0.2919209887206998,0.27428746198887344,0.2636398242677911,0.25990689022913793,0.26305682534673636,0.2731042529637058,0.2901043039792805,0.31413269662893584,0.3452492443651999,0.3834418044321444,0.42854961575864997,0.4801696142155538,0.5375564317785869,0.5995356482499337,0.6644582665960048,0.7302268620224094,0.7944128358284429,0.8544574585070573,0.9079114030033162,0.9526391951466504,0.9869274976347314,1.0094051404401367,1.0194584765934078,1.0154893060768948,0.993601101,0.9487806943147438,0.8777084887052212,0.7825577063647685,0.6911891078844272,0.6702699427040155,0.6871558527253664,0.6992367531382315,0.7247478555547338,0.7806762298569515,0.8460762255321801,0.9042238234933044
0.8746251362597791,0.8059491116445607,0.7248184056640194,0.6601374154829438,0.6555080557617178,0.67251105,0.6893291437138411,0.736878094,0.823677166,0.9124815167151096,0.980689072,1.022067477840578,1.0393738127017875,1.0389774587337912,1.0254715645138497,1.0003995403179433,0.9630711533904291,0.9143211539865134,0.855868965,0.7900604993794706,0.7196693029711037,0.6475986297431096,0.5765780854757598,0.5089296310755231,0.44644323607345193,0.3903604132281504,0.34143767661558816,0.3000530471772909,0.2663232928940935,0.24021029762788385,0.22160579682316744,0.21039195262218835,0.20648016082082069,0.20983227182326844,0.2204677096037979,0.23845783586800587,0.26390629552942585,0.29691188565238524,0.3375097427197946,0.3855884360810173,0.44078553810488746,0.50237241,0.5691494371011895,0.6393830722254893,0.7108201193781379,0.7808054142630075,0.846502667,0.9051803852914387,0.9544873004985187,0.9926471671001955,1.0184689455725071,1.0320840716477666,1.031997747945313,1.013696125,0.9711893288391698,0.9025014242762373,0.8151924496007872,0.7346454633359223,0.6949886650087432,0.6796693047970956,0.6625204656878427,0.6728116097311788,0.7408358367399307,0.8194708070372866,0.8847312045553161
0.8567378263584301,0.7795145400240981,0.6787314043545365,0.5898949284947074,0.6173088386535821,0.6701418797390588,0.7137336360112735,0.7731635178174964,0.8563273416956608,0.9420859097538284,1.009370371,1.0476911789012906,1.0598151291382631,1.0544235853191937,1.0368994620787835,1.0084455926322986,0.9677335551313214,0.9148475971161101,0.8515485656261442,0.7803804361829856,0.7043985731639608,0.6267992995944687,0.5505594957135629,0.4781755672926151,0.41153508237747444,0.35191207123091256,0.30004969156254435,0.25628682097642186,0.2206920229237987,0.19318134056782313,0.17360919084254026,0.16183114168405768,0.15774274514686953,0.16130018140030825,0.17252720703879168,0.191510057,0.2183786125087655,0.2532693086277733,0.2962639928622246,0.3473006189322428,0.40605709047459304,0.471819016,0.5433546344722417,0.6188326107663745,0.6958248027606615,0.7714284133708162,0.8425153422037657,0.9060749081453823,0.9595714218467893,1.001220857510762,1.0303264672829444,1.0479363341847192,1.0528190957924444,1.0395800673291975,0.9999863289866385,0.9324164730860247,0.8485196187192721,0.770217011,0.715981184,0.673412616,0.6197149853586049,0.6039387910277493,0.6984514268369577,0.7946569854298702,0.8678720902560203
0.841604215,0.7569590142505881,0.6326797669620856,0.48175328093397574,0.5775952283924315,0.6702439791707869,0.7355986048344411,0.8055193023802254,0.8899921822980676,0.9768084687345213,1.0453381872122658,1.0797258114477835,1.0845107703563068,1.0728564488188959,1.0509500738368047,1.0192469260219876,0.9756743443627661,0.9191939625973343,0.8515173521261203,0.7753564270246053,0.6940479740886757,0.6110985351505056,0.5297550868973925,0.452709244,0.3819611280876168,0.31882624599493004,0.26403915785512383,0.21790242806459206,0.180439055,0.15152249726767159,0.1309736496520277,0.11862514021280826,0.11435933283735768,0.1181277383712872,0.12995757565650487,0.14994750420506717,0.17825033638596438,0.21503685721261154,0.2604329965194122,0.314424069,0.3767258752977881,0.4466334542741706,0.5228732380304374,0.6034997486076139,0.6858872879864111,0.7668607063337325,0.8429821703402298,0.9109603318347371,0.9681054478048952,1.012646056600875,1.0449316921549758,1.0669116629729345,1.0780392621683714,1.0719379296152127,1.0358724498836127,0.9670424974534297,0.8822271679211451,0.8016657903224141,0.735308019,0.6700144258779193,0.5728131806705297,0.4998454724180183,0.6574639719416169,0.7735885540670261,0.8531944974426318
0.8303167512612187,0.7410211578097827,0.5983116327524316,0.3654283255335557,0.5500492553239915,0.6755272458217951,0.7570024928291458,0.8358048829775229,0.9244476363035379,1.016601688666797,1.0901056617124114,1.119090432573734,1.1132829912266822,1.0939739092374385,1.0674870227961941,1.0328315768240468,0.9870241222398762,0.9276556069416629,0.856207285,0.7755260448068512,0.6892340690366571,0.6011687106089453,0.514873415,0.4332592282146513,0.35845702858597384,0.2918356513938958,0.2341284473555156,0.1856070204790208,0.14625400624683693,0.11590614224341828,0.09435706,0.081422146,0.076974565,0.080962597,0.093415549,0.11444069616914095,0.14420847869434292,0.18291840951920338,0.2307354677302329,0.2876879820896551,0.3535249263242264,0.4275434687046362,0.5084156478724252,0.5940619558819621,0.6816324359074225,0.7676505550355922,0.8483461860104833,0.9201425817397986,0.9802259270175974,1.0269679516739814,1.0621418723691827,1.088710606839158,1.1075209911193495,1.1117563277637772,1.0802480765958296,1.006260579511865,0.9163089206054317,0.8310414276433336,0.7548299533782291,0.6725981365997509,0.5382155007628082,0.38922116871784834,0.6274441518357248,0.7585909142168967,0.8422707580793863
0.8234316603534944,0.7339432679832076,0.5892855252413866,0.3508688575194337,0.5519094974318923,0.6884018312326835,0.7793038361265718,0.8649549881446621,0.959281402,1.0613318809114343,1.1465980301728467,1.1669680907592384,1.1454850560328773,1.1172308972146519,1.0862725406385756,1.049160768940564,1.0018003340241886,0.9404531934120739,0.865992648,0.7813821712096726,0.6905401495115203,0.5976584170052136,0.5066068876367202,0.42054382087741504,0.3417524001856936,0.27166960306587484,0.21103766847427688,0.160105291,0.11882283535532394,0.086999246,0.064410159,0.050861949298290195,0.046224243,0.050444080995884696,0.063550832,0.085654868,0.11693645567315714,0.15761535352768138,0.20788772112897866,0.26781795281343257,0.33718104537968724,0.41526645569162624,0.5006762228205107,0.5911732034588425,0.6836520826204606,0.774301443,0.8589914778007613,0.9338520859912184,0.9959604874804027,1.0441486019207558,1.0817102919215935,1.1127837877875808,1.1406674645883141,1.1604076521101614,1.1358177779839027,1.0498405705855307,0.9505147013856007,0.85938482,0.775835616,0.6839819507785118,0.5384785189568735,0.3738406243048007,0.6189147815192912,0.7515256251918341,0.8353800283819269
0.8210163942470053,0.7363039865690731,0.6085888004924058,0.4375053422048485,0.5850578540859984,0.7093710497220961,0.8030756446336091,0.8932234800822617,0.99355793,1.1098938970621304,1.2209184109463527,1.2243116487363908,1.1796302761653448,1.1418211693484974,1.106990260361835,1.0681548446411862,1.0198993528130376,0.9577200916491787,0.8811720894092289,0.7933552181387691,0.6985011509371737,0.6011813237821961,0.5056250863053062,0.41526882680102606,0.33257271858929854,0.2590594816071497,0.1954930002375204,0.1421099342871554,0.098839723,0.065476108,0.041789708,0.027589310818203303,0.022748785,0.027216614613354798,0.041019385133585766,0.064262844,0.097126133,0.13983721299636293,0.19261217006663306,0.2555415955244883,0.3284168562820001,0.4105073877833033,0.5003267370583219,0.5954529460661852,0.6924899862037651,0.7872542621154616,0.8752243628009019,0.9522291137104337,1.0151800753761409,1.064092734872889,1.1033065602374124,1.138305605718162,1.1760185099053415,1.2193367057405595,1.208081643139321,1.0965931350221578,0.9840672454711032,0.8870223943664634,0.798842579,0.7046851073305196,0.5758879777769422,0.454067204,0.634231782,0.7528837323404887,0.8322969588471456
0.8230876956094363,0.74670839,0.6457521049960051,0.5624187903181913,0.634231516,0.7367157497104471,0.8281690809851836,0.9203712481688817,1.0257154844626877,1.1583332458601816,1.3283947441295005,1.2885224647652185,1.213034503963691,1.1667437510327325,1.1292955883768714,1.0897352950323114,1.0414202228181784,0.9794991199823315,0.9019445231430397,0.8117908399778594,0.7135835143857193,0.6123006331589915,0.5125644175743332,0.41812262377881554,0.3316394861369735,0.2547433711305088,0.1882349622975241,0.13235261313939448,0.087019845,0.052032186776946536,0.027172865699434622,0.012268575579156853,0.007207922,0.011944402506542969,0.026497907533560978,0.050959022,0.085490756,0.13031277186168055,0.185645737,0.25159330046236406,0.32795106361784493,0.41395393611813913,0.5080060664102429,0.6074704743526567,0.7086217815787217,0.8068638825031245,0.8972518313916303,0.975309291,1.0379091680991825,1.0867062708542767,1.1265644432781652,1.1642354403547566,1.2108286851388983,1.286867259881609,1.310324257780609,1.1427897965144134,1.0156013260927805,0.9137678840168703,0.8236116360073072,0.7325607321838257,0.6301472794069541,0.5734107194796454,0.6654763880187341,0.7615417740240439,0.8338722279883478
0.8285639353948223,0.7626119736379418,0.6870213937576488,0.6409394014656533,0.6848173812083311,0.7676152826453503,0.853943377,0.9458862244143573,1.053851022163596,1.1983705329670342,1.433702391637454,1.3434224687078453,1.2419237779249952,1.1909988576762316,1.1528850953575231,1.1138467279696274,1.066410386068798,1.0056674355515476,0.9283798154800158,0.8369207564114047,0.7361585517517842,0.6315071353805309,0.5280120848809637,0.42976645750176545,0.3396666784773731,0.2594680020136099,0.1900248915354855,0.13159383754532786,0.084111532,0.047397603,0.021271375798210593,0.005598159,0.000295286,0.005325984,0.020698152657149586,0.046473029,0.08277728,0.12980010137681322,0.1877464417771725,0.2567162394147068,0.3364949000900817,0.42626669050111343,0.5243039759753941,0.6277226835156581,0.7324279091175115,0.833369461,0.9251509980642637,1.002965457937201,1.0641953901462777,1.111921985590448,1.1511553238196361,1.189521554697892,1.2412439222925393,1.3452677350140116,1.410108503254978,1.1812033501552477,1.0434402220090453,0.9391430700331872,0.8493864018243535,0.7642625898297041,0.6837418677285838,0.6493648188203748,0.7017966924090334,0.7753839905159032,0.8381634514856411
0.8369397907170347,0.7814862472840534,0.7258625065561395,0.6990128649993488,0.7311757834543935,0.7994739073835564,0.8795736397368471,0.9692322642105551,1.0764176036887743,1.221894099,1.463762757,1.368872862374924,1.2648286034964191,1.2136760470765686,1.1775752302636318,1.1404850323694258,1.0949150526419988,1.0359886941134837,0.9603913581625036,0.8688262868156117,0.7664674560677494,0.6591887584066043,0.552481928,0.4508173957168713,0.3573508988689115,0.27398551791986864,0.20164729136371945,0.14062956859142722,0.090905766,0.052348353,0.02484366,0.008323042,0.002751046,0.00810681,0.024379172,0.051581124,0.08977605,0.13909331389939852,0.19969584036944396,0.2716591305173491,0.3547421636534176,0.4480618532792558,0.5497364972551112,0.6566029714146616,0.764157774,0.8668571044568163,0.9588365472270622,1.034881586073283,1.0940663493866605,1.1397247025251216,1.1768715468144328,1.213330446261809,1.2648774149849615,1.3715907581881632,1.4398377795588793,1.204874872985462,1.0662128317176987,0.9626211393615605,0.8752319461492821,0.7968687719001993,0.7315093085492961,0.7057479390995249,0.7371284383706823,0.7922215061800877,0.8455705455579318
0.8471302493105188,0.8014624782875851,0.760773309,0.7454245821875023,0.7723011550013745,0.8305183236659057,0.9043108572635425,0.9900620398140756,1.0929316000454137,1.2270891834318973,1.4137628868602345,1.3615761733758296,1.280870247379319,1.2359401560519676,1.2033186689760094,1.1697277678426137,1.127030850222998,1.0706085492467083,0.9977054847536395,0.907390567,0.8045770112362798,0.6955892934996241,0.5863794517654833,0.48182086073147035,0.38535203292536097,0.2990418595588266,0.2239049622909396,0.16029161137962047,0.10824022622852403,0.067712547,0.038702232,0.021242727,0.015370053173790102,0.021087301347648666,0.038354901,0.067112657,0.10732505665539235,0.1590231106256226,0.22229420979775236,0.29716454301775214,0.38334959531307444,0.4798832971171714,0.5847100044998554,0.6943592076388067,0.803882542,0.9072170684726224,0.9980142432845793,1.0712080481663886,1.1276212545972033,1.170177896634599,1.2036576954400198,1.2361668094833302,1.2808691261450682,1.3623750494334108,1.3958065606448917,1.2122969259884484,1.083469440594297,0.9838343770224992,0.9003147512911152,0.8284971452219912,0.7731928336810607,0.7508840488664587,0.769540215,0.8103522889210064,0.8546071703271456
0.8583582213611303,0.8213809687661997,0.7918471453670071,0.7841326108919069,0.8085602262196451,0.8597674807966112,0.9276262468645592,1.0083234509119012,1.1041432066625974,1.2205228056700197,1.338991579865311,1.338040792294789,1.2906679837856676,1.257323239475698,1.230312203693733,1.2017469182478282,1.1629129651898074,1.109611586215228,1.0396970821672924,0.9522451090721052,0.8503237412850602,0.7407549044923334,0.6299531722225306,0.5232093179336846,0.4242605522044981,0.33535274202380677,0.2576029073715199,0.19143789792111857,0.13699412092855853,0.094368059,0.063712883,0.045211201,0.039002071,0.045122926,0.063493573,0.093947979,0.13630501399815084,0.1904472302945912,0.2563444825943462,0.3339446956888955,0.4229037211669283,0.5221604335427921,0.6294712435259548,0.7410382694020423,0.8514375511998172,0.9540867232357486,1.0420261460870208,1.1120180339606436,1.1650176142017603,1.2034400758527828,1.231635434202864,1.257944739704206,1.2905412508696894,1.3363342980854274,1.3279267764339653,1.2087720624751321,1.095838137000343,1.0026827546285937,0.9240487592918847,0.8581714783939112,0.809591747,0.7885613649949106,0.7987525198608642,0.8286588712594257,0.8645309889879693
0.8703266248512936,0.8405962695206357,0.819526759,0.8172636137209498,0.8405842792238858,0.8867944522355297,0.9492451827225703,1.024240795860628,1.111550059283427,1.209849917975778,1.2969923388295082,1.3165579154891083,1.2973833278695548,1.2781968499849015,1.2596464664107128,1.236829185507771,1.202793086624999,1.1531206635261155,1.0864378880984882,1.0027527908018972,0.9032424545082567,0.7944688553087252,0.6832295352191248,0.5752436725377026,0.47454711016630713,0.38356238397207587,0.3035159831855697,0.23492761767770648,0.17806886384529175,0.13322672034610722,0.10078092728776211,0.081124261,0.074539487,0.081111667,0.10070420808455718,0.1330029531990121,0.17762032559018098,0.23422575388431563,0.30261988705102233,0.38263986767193886,0.4738697955358305,0.575148205,0.6840411388454614,0.7964149035993296,0.9063594873240449,1.0067852942202897,1.090961463811956,1.1574602046289677,1.2064816915533991,1.2397755181394061,1.2618632738254427,1.2791811766762287,1.2971746554220487,1.3141587611117604,1.289439242560138,1.2011199489517104,1.104622476,1.0193264529833506,0.9461215458341096,0.8855032007938385,0.8415546788481785,0.820827443,0.8249786945647574,0.8464797098514585,0.8756250674693615
0.8821376494003369,0.8587778871334393,0.8442633738197638,0.846099212,0.8689765241725779,0.9115072541431851,0.9691118320928169,1.0382159729089502,1.116707602649837,1.1999641462473836,1.2706089984640334,1.3010712156443234,1.3035824018439874,1.2995763106608134,1.291177680302635,1.2755123609768955,1.2469825619375565,1.2013059034676374,1.1379461331398597,1.0578488629218987,0.9624903007621618,0.8561720868216454,0.745931031,0.6379340899928522,0.536490077,0.44417948815931174,0.3623342910100536,0.29157491530309076,0.23234828587149345,0.1851987998186982,0.15081831499739198,0.12988813616647438,0.12288649862372467,0.12996281678129157,0.15090403741269057,0.1851938003343701,0.2321596174866707,0.2911749712342707,0.3618092542999474,0.4437539224674056,0.5365182736566865,0.6388464352894845,0.7481298474903515,0.8599100903436777,0.9678009511374378,1.0642996004531002,1.1448497687653743,1.207737594002342,1.2523192483538277,1.2796755617822855,1.2941415587120226,1.3008753996942601,1.3034190877719547,1.2988986282003916,1.2653685968421056,1.193649771,1.1112124731831492,1.0341019813942034,0.9664507853614882,0.9104370208071796,0.869791986,0.8489193381435105,0.848533834,0.8634494068864822,0.8861555233703019
0.8939976917606745,0.8757732820931491,0.8664400201155893,0.8714775502129729,0.8942534694003546,0.9339987215048038,0.9873263384315544,1.050719143430447,1.1208248217025998,1.1919066293386904,1.2527612959305408,1.2905860356259582,1.3107798952837233,1.3223687021372506,1.3254487626192895,1.3182517152044766,1.2958758371079433,1.2544001674923084,1.194255267502616,1.117534195580134,1.0268074340806024,0.9248695040657263,0.8173796894074172,0.7109383328199143,0.6100774307447138,0.5174848689776026,0.4345796754461523,0.36207378989325717,0.3006307551394129,0.25113001240874294,0.21468392647906842,0.19236185967648642,0.18490224727475427,0.19253950443856982,0.21495911746099264,0.2513745072089953,0.30072818267572954,0.36199240327539833,0.4344332980698997,0.5175613329903105,0.6108249769699596,0.7128972462848862,0.8210330401412522,0.9305069366588323,1.034407693345903,1.126629336832164,1.2037963508920018,1.263114028506564,1.3029213718986667,1.3235810562930705,1.3290780916592375,1.3239321006527138,1.3107519518062234,1.2889973736292577,1.2493645443013053,1.1876652631731206,1.1167206985796017,1.0474236566374482,0.985116206,0.9330911444546104,0.8948724789295704,0.8736462087819328,0.8697177865734401,0.8793797228269559,0.8972978608983624
0.9052849658881068,0.8915251332339904,0.8863657371514251,0.8939807725630623,0.9168452438008553,0.9544531531935666,1.0040820496660154,1.0622146760865714,1.1247212654306857,1.1857404255573076,1.239530838781233,1.283283154611522,1.319649692138963,1.347438863,1.3628263432556929,1.3654484254132915,1.3499715728101285,1.3126991213957258,1.2554159571042869,1.1816546181219096,1.0950984831944532,0.9990657729802381,0.8963803668306174,0.7934417147492506,0.6948807919101625,0.603406341,0.5204869299428335,0.44688639024247273,0.38352473637899315,0.3317021540493696,0.293088096,0.26926453442751724,0.2613091460223502,0.26956612201291474,0.29358915829428656,0.33223783210692254,0.38394380492757035,0.44714505886560035,0.5207254854664238,0.6039808784883166,0.6963440725575042,0.796459388,0.9015243308357168,1.0066369378629263,1.1051991817212035,1.1936677366520247,1.2679393915895434,1.323931718336744,1.358777860363021,1.371876283,1.3672002555470808,1.3491606119822528,1.3197507812891685,1.2823966168735625,1.237801757574812,1.1833500321135757,1.121924883462257,1.0597128754503113,1.002294164661308,0.9536641572864267,0.9172506996150082,0.89556932,0.8887864607019018,0.894181798,0.9076462983175235
0.9159748702637701,0.9060253687211639,0.9042859764388871,0.9140309257945853,0.9371068325646587,0.9730895672832782,1.0196149271074055,1.0731296433124273,1.1289657895251148,1.181287457492344,1.2281090637373828,1.2770872496274341,1.3304236920272452,1.3756050108990092,1.4048515386900007,1.4181422356733624,1.409899129525943,1.3765704231388138,1.3214916978250724,1.2500258610011108,1.1671148578572696,1.0765796466158257,0.9810987567766697,0.8840237945806625,0.7899049129096034,0.7013590716671976,0.6198455033374124,0.546087861,0.48129977259153095,0.4272883621413914,0.38645211858119544,0.3610383692049673,0.3525573,0.3614914298839695,0.3872272300555382,0.42817081622516884,0.4820878111793115,0.5467139584865096,0.6204730568486915,0.7024145795497091,0.7920555374323441,0.8880703922823175,0.9877382056937607,1.0861596164490956,1.1798779168554812,1.2653279903416739,1.3374581476313447,1.3906251173367012,1.4204979629804708,1.4254910119906365,1.4095873698366104,1.377293641372761,1.3305281888561713,1.2769021952665516,1.2280769618214318,1.1805645908620757,1.1273769856373352,1.0713641557288809,1.018205787842615,0.9723811728554899,0.9372915549268372,0.9150946569443423,0.9059499652720137,0.9078222882459452,0.9174047767916141
0.9261465121613784,0.9192902940700338,0.9203942290983139,0.9319421593329726,0.9553282892101125,0.9901268496869291,1.0341665895538954,1.0838478921101145,1.1340426371478887,1.1782051409945629,1.2159282100034532,1.2694122199529092,1.3433118707175573,1.4076701572013917,1.4522580868892931,1.477243786090872,1.4764368679105992,1.4464692518629763,1.392533645721067,1.3224388770997433,1.2425215921148998,1.1571089593933996,1.0690383705213904,0.9805099430587778,0.8934273055997606,0.8100541994948354,0.7318030141928645,0.6591644147460424,0.5936879127314266,0.5377561315892685,0.49471534758864877,0.46766010130851626,0.4586376705045629,0.4682998847300776,0.49582680812844143,0.5390577770405086,0.5949061381385026,0.6601915250469274,0.7328187658380884,0.8115568184441218,0.8961938471531504,0.985524221,1.0770009855052047,1.1686893956764761,1.2581355631039004,1.341494389427787,1.4125878925588369,1.4637370833367729,1.4888236020385694,1.4852204848678598,1.456960799583155,1.409049563489465,1.3431612434360636,1.2698103768113356,1.2178899362397444,1.1791879568938626,1.1335440686570983,1.0827346805564249,1.0330794519100976,0.989461963,0.9552875055707989,0.932523554,0.9213775980054167,0.9202992865659805,0.9268977751522064
0.9352473968250875,0.9313470403266576,0.9348412390384802,0.9479503973263669,0.9717419199820645,1.0057617704119213,1.0479574172379982,1.0947074295432657,1.1404657894766599,1.1772352139049738,1.200316795670862,1.2564445269531315,1.359055153961447,1.4444581669842234,1.5060046019959592,1.5437676783663465,1.5505523967556276,1.5229602387373402,1.4685487164064628,1.398616186,1.320929930405877,1.2402221260242285,1.1593270964941746,1.0799199146605492,1.0028244600606726,0.9272954455637358,0.8546397025614576,0.7847695338792694,0.7196378505746847,0.6622172771094338,0.6170881475304619,0.5883989854518566,0.5788421164414109,0.5892692142366531,0.6186142278927654,0.6640296826759284,0.7213626672651423,0.786235486,0.8560358146828513,0.9291803728396827,1.006103798422848,1.0856994263581758,1.1685098129675682,1.2537615412265335,1.3395646439409359,1.4220031503715067,1.4936312079387382,1.543941452,1.5646565170774087,1.5519704991658925,1.5101030397603128,1.4451923710463235,1.358269414314637,1.2569940091004816,1.2051165214850985,1.1798153938488982,1.1409063148226797,1.094138299,1.0471238579971647,1.0051013883845465,0.9714695667728945,0.9480815455719603,0.9352031886553477,0.9316298002622375,0.9348153219381884
0.9440181152969943,0.9422233805825244,0.9477414627236324,0.9622307662809549,0.9865269483008868,1.0201547195311726,1.061165599,1.1059852815198525,1.1487919813713023,1.179718563012677,1.1807303018056574,1.232449142262485,1.379617164974128,1.4867704906529593,1.5667671807227341,1.6187413157052024,1.633490803871171,1.6067702752761777,1.5494191411346696,1.4781783783096458,1.401872783387887,1.3254399925919043,1.2515772679932056,1.1813824831277533,1.1146429757001837,1.0497644852949295,0.9855474160309085,0.9204538548293472,0.8570384949917752,0.7987356461826529,0.751760578,0.7215308948467372,0.7114796982911189,0.7226835990111365,0.7537960702793877,0.8011707159989963,0.8593603072163836,0.9223980962774484,0.9872960926478294,1.051950435,1.1183006427524336,1.1877482037470255,1.2618253122557777,1.3408270887185874,1.423636057005323,1.5065822491618277,1.5810044840745945,1.632053540514671,1.6491240392202418,1.626667722098495,1.5696130848305243,1.4865030765986367,1.3778198143600173,1.229680483600083,1.1901970193829154,1.18372886,1.1499667106421394,1.1058300246723551,1.0605076127302624,1.0194569535244418,0.986014152,0.9619352981591579,0.947528971,0.9418362219295918,0.9432486865818127
0.9516913407224546,0.9519389458726683,0.9591774653760469,0.9749081673325084,0.9998126106980381,1.0334204874583235,1.0739100636797398,1.1178662964361328,1.1595068340421655,1.187940979478967,1.1750867038019301,1.2234928635818203,1.408116065509122,1.5351923454521177,1.6344451974916276,1.703146417607501,1.7269300901093845,1.6989915387920762,1.6344945331819767,1.5605851008877465,1.4847903704507885,1.412213368935948,1.3453495319919955,1.2846459357739228,1.2288497897849757,1.1751505131478224,1.120472360800556,1.062401587071128,1.0024509195639137,0.9440221069087672,0.8955959150699327,0.8640370650978272,0.8535774220135538,0.865530767,0.8982501528500704,0.9472117840796817,1.005467078424906,1.064868927680128,1.1224699014144823,1.1774372292815765,1.2326496610472815,1.2913812180130968,1.3564415689316192,1.4292376154588624,1.5096470596821572,1.5947631879572632,1.6754287669373282,1.7289437849708742,1.7437196787347828,1.7101887037907397,1.6356211201985478,1.5335768852311533,1.4051884037469669,1.2170991789409522,1.187591656436565,1.1928529383682425,1.1611518841863062,1.1179777309056846,1.0733431371687425,1.0326409184115763,0.9990474432853754,0.9742028590349177,0.9584281916092126,0.9509308980443846,0.9501380696356401
0.9586318620421532,0.9605034720533517,0.9692030823988702,0.9860639693203743,1.011680534843505,1.0456229459537405,1.0862379194075522,1.1304062144408673,1.172827619,1.2034626884178088,1.1966386920238519,1.2516780642474292,1.4467778688361121,1.5897637636489985,1.7095008908904832,1.7986176290862153,1.8332069499116423,1.8016787546496482,1.726520837611808,1.645429797617391,1.5690167689847971,1.4999040139227051,1.440130554098031,1.3894005782321728,1.3453829508863895,1.3037787477217422,1.2593863980144275,1.2082305053275633,1.1510833757136207,1.0931655053687799,1.0438665234982543,1.0113422775314134,1.0006199819760124,1.0132381308238851,1.047254953759528,1.0972687766411175,1.1549513373087261,1.2112044411148664,1.2614894634867975,1.3059208848688442,1.3490465684806803,1.396236276062999,1.4517813384560574,1.5182287836890855,1.5966546270313837,1.6858065995000584,1.7750598916261973,1.835269897788475,1.8505761768221631,1.8039335065221804,1.708358552752762,1.5864583450992265,1.4429309927479967,1.2446816183700442,1.2088331815540383,1.2084861183522646,1.1746435959340633,1.1306297549224202,1.0856751676838365,1.0447158885505528,1.010648512321684,0.9849601211764792,0.967947243,0.9589160441083829,0.9564703524817891
0.9648314667331889,0.9679163791956837,0.9778458422137875,0.9957404964190135,1.0221670121217796,1.0567732832907821,1.0981186477628835,1.1435078286979115,1.188548974305071,1.2257711126394895,1.2426167833127635,1.3184361240833384,1.4947534387889074,1.6496308365785133,1.7919292688131019,1.9073552497818067,1.9556454498799252,1.917064261596066,1.8265840822490758,1.7309071193125958,1.6537783230882106,1.5877632933163195,1.535320227222404,1.4952583670924209,1.4641589974558311,1.436012169891443,1.4029988997480634,1.3587851810938605,1.303423935985167,1.2441113797701446,1.1922789991650429,1.1577706291243701,1.1464770942014215,1.160157545623165,1.1965746314277963,1.2493450653956615,1.3083044077309205,1.362276648201371,1.4050237973215955,1.437705971191094,1.467355912917914,1.501877343163617,1.5471872012380283,1.6069233965206884,1.6834029268985804,1.779644827859664,1.8747800876430938,1.9525602587666901,1.972921114580249,1.9096972333421833,1.787559136312145,1.6442804985955302,1.4902075236562766,1.31616249,1.2514911099211952,1.2302063056441515,1.1902476259202721,1.1436943828031694,1.0974756024733592,1.0556935600961055,1.020851977943998,0.9942451468772661,0.9761076023043685,0.9657841533393277,0.9622206302956067
0.9697880730106601,0.9741667409305661,0.9851088479721348,1.0039442184406084,1.0312654958737775,1.0668316227794885,1.1094469640488014,1.156925731827528,1.2060459663316079,1.2527065393965202,1.2983703227701189,1.3915522455277467,1.5481415232211089,1.712880292948279,1.8807902342172786,2.0323217696403186,2.0991706982321907,2.0462441520337893,1.930392230762093,1.8202642275546081,1.738110129769396,1.6749140220848624,1.6302195486851079,1.601732755,1.5850405241313361,1.5722710295771352,1.5522539701968834,1.5151596922231299,1.460118295097645,1.3970274534354679,1.340628538025722,1.3029327132179362,1.2907124667101273,1.3059150760248812,1.3460450178017018,1.4036825562142743,1.466255590138081,1.5192013999710066,1.553963247960627,1.5731320409114866,1.5873800643299811,1.607776826310602,1.641919633443723,1.694355939317936,1.7684166663549374,1.8677594573420024,1.9784000729108349,2.083960933388654,2.1157700288775643,2.0297344093399925,1.8720219454355593,1.7051379359389172,1.5428386576270456,1.3905099210517822,1.3029617312663095,1.256065192190698,1.207396673,1.1569443971474085,1.1086462270962627,1.0655364601635604,1.0296506446783842,1.0020612200414363,0.9829074877749762,0.9715184387348197,0.9662805086391101
0.974330477,0.9792338689701757,0.990972205,1.0106480693873852,1.0389293590634965,1.075711587191574,1.120054275831638,1.1703013869522456,1.224434399130682,1.2812948752900626,1.3479902975526754,1.4520274195808018,1.602226679,1.776633484360601,1.9733994800929773,2.178020017263157,2.2712821228517233,2.1917215876715774,2.0355794550376287,1.9090855759026482,1.820569856756636,1.7603506114686203,1.724024003690816,1.7082094291196288,1.707788729830506,1.713033636667578,1.7084171325033481,1.6788226046862675,1.622007895,1.5520023718140288,1.4885378641316933,1.4462679897360684,1.4327264672472892,1.449964198601646,1.4953349681353727,1.5604702261510714,1.6297685234087866,1.6834825790609578,1.7094901321288352,1.7125649357692592,1.708812309993374,1.713290414416256,1.7351583403223936,1.7795093020336437,1.8503477746724912,1.9517939226088157,2.0836371871385606,2.2335891606006544,2.2869643964327175,2.1668763046626403,1.9589544887839652,1.7662531446068437,1.5959651510272896,1.4502905234420682,1.3500983077808326,1.283495052520778,1.2252877413274634,1.170048228777099,1.1190291959968297,1.0741622904898285,1.0369982122233363,1.008379022264061,0.9883231358322314,0.9760938762744338,0.970674406
0.977495372,0.9830870195954649,0.9953940416671241,1.015792994,1.0450746581184291,1.0832869303918646,1.1297263419579568,1.1832161419904297,1.2427818687874934,1.309346870681153,1.391309003,1.5037852781298076,1.6534168647632779,1.837344544993021,2.0640036074827512,2.3564166685561414,2.4809536029386217,2.3539195575891787,2.136311284062653,1.9922074985522225,1.899406191579193,1.8429770413406237,1.8158247182795035,1.8139079469699582,1.8319861325440914,1.858810230106657,1.873207527054863,1.8518073653287803,1.790153368502894,1.708974397862405,1.6353964897628304,1.5870154363168998,1.571737439817807,1.5915526764736077,1.6438800826292592,1.7197785343525864,1.800090678847314,1.857210369331549,1.8731888770188412,1.8563543783819856,1.8311625096088429,1.8176241594752252,1.8260064749718017,1.8613468204676173,1.9279519018629403,2.032144117619381,2.185281233820953,2.4121167521401676,2.495741601292682,2.326333775859371,2.043129508605286,1.824323926380005,1.6461081766234718,1.501275556372032,1.3918473351359957,1.3104719326129162,1.2430648820618906,1.1826172583654242,1.128423160154681,1.0814500902808855,1.042811857493138,1.0131380152203173,0.9923096700001706,0.9794758590435274,0.9731526462227705
0.9799650152998827,0.9856869171620642,0.99831112,1.0192885818405575,1.0495824,1.0893990090868502,1.1382234040435601,1.1952449954821407,1.2602606091354658,1.3354726751724404,1.4294404879386666,1.5490139662985385,1.6993043185576098,1.891282769150896,2.143571407345689,2.517118719178471,2.6674882258862316,2.5006065220974127,2.224850470504689,2.0671155229413025,1.9729644106769157,1.9216771657986127,1.9046186749875538,1.9178357462144529,1.956911918,2.0100585070742283,2.049003370102558,2.037013803527006,1.9658541188749254,1.867592609618602,1.7802790164572952,1.7241885513647275,1.706772132471325,1.7296919353783362,1.790789562750883,1.8814235287854018,1.9788190348051111,2.0433775151096722,2.0472098173161184,2.0047252968999154,1.9536416773136458,1.9197960170001511,1.9134994445448705,1.9388434124542682,1.9998942127471322,2.104962347207355,2.2749127827623297,2.578334698550378,2.6821087784129087,2.4685594577501266,2.1169957696337476,1.8759714502040845,1.6910552980926596,1.5461008675024053,1.4288890194216042,1.335657371996767,1.2599561732964697,1.194254564759635,1.136601768510814,1.0872471170496276,1.0469742352740958,1.0162468857751141,0.9948015598291047,0.9816225696782107,0.9752601883551745
0.981440762,0.9869864450761973,0.9996390108628808,1.0210124510121272,1.0522996128050017,1.0938637702917733,1.1452992474198074,1.2059991788927908,1.2762143443612914,1.3587745623325496,1.4627836869773032,1.5893698002689494,1.7381833766054868,1.9351799574947413,2.2033151631986723,2.6212205998669313,2.7804311594767444,2.594471088062071,2.2941418866478234,2.1315930673535695,2.039868635,1.9953921656395672,1.9893289034172355,2.0187416721782117,2.0813511815987025,2.166966028103599,2.2391756070616684,2.2387128706574284,2.1506239111419143,2.0269628126236685,1.9218473419840207,1.8565633070831091,1.8366721621331359,1.8631379021873054,1.9347277805294156,2.044701649902738,2.1679655052503257,2.246408757371005,2.234522019155999,2.157528343178912,2.0749946305831792,2.018599544529451,1.9966220255953966,2.011031818993265,2.064896961933573,2.167233843845289,2.343686687137758,2.681159573901974,2.7947025806281016,2.559434114676701,2.1730854767000345,1.9182735826805128,1.7292271303563387,1.5869950403590607,1.4613221638347038,1.3581686814333886,1.275339558810972,1.2045946125217144,1.1433313919604848,1.0913752430854606,1.0493342385864468,1.0175827202558962,0.9957126346049998,0.9824847252465333,0.9763409940405561
0.9816152908209574,0.9869327492468375,0.9992717801432788,1.0208078474934124,1.0530383345121865,1.0964770939870774,1.1507169195169045,1.2151541314016279,1.2901725152367434,1.3787392252348938,1.4902797948256936,1.621103901006043,1.768881416963618,1.9668678454552186,2.2380478140151383,2.6627710840953442,2.8211335358669745,2.6308537754940287,2.3401170476742523,2.184165200460711,2.099121823,2.063187870925078,2.0688369081823597,2.1150868877815956,2.203335144,2.3289093475113174,2.4486945642922944,2.4634175410172365,2.346005194226924,2.1852104502476797,2.058258978165869,1.9826918065329107,1.9601243545971005,1.9903976314062026,2.0737912793840523,2.2078944833431184,2.3699758287050607,2.473056859515397,2.4393614248241704,2.313680845483978,2.193289072911583,2.1125863389535176,2.0743379564572213,2.0770624559467366,2.1219850455352907,2.2170864434614974,2.386557108064019,2.710544760129181,2.8350724717173152,2.5986623946069107,2.2067703168926984,1.9492885124683517,1.7594721749402968,1.6182937645819921,1.4878251474959903,1.377443002483213,1.2887630682550175,1.2133304342571363,1.1483859891822883,1.093635794461486,1.0497056767278827,1.0169883821992558,0.994935613,0.9820079300406604,0.97582145
0.9813275295671231,0.9854705343582998,0.9970811836255203,1.0184786925751836,1.0515714538491825,1.0970176673087388,1.1542604157911658,1.222464958590723,1.3018466771375923,1.3950305982005111,1.5099423938058532,1.6426492621160493,1.7909343610396653,1.9856823792413156,2.2466606217199723,2.6381685336717555,2.7879812132944997,2.6037333660502835,2.363024601986659,2.2245086147539035,2.1501702798157587,2.124306159801154,2.1420311185165746,2.2050645831542908,2.319876270748687,2.493085134320884,2.685585684425432,2.7213891884558357,2.552716448461511,2.3388421040185547,2.1871340849624783,2.100956561370586,2.075721465165441,2.1097798170550783,2.2054407676209133,2.3674497,2.5874935447492855,2.7338362700098475,2.6684793538623905,2.4699468968854488,2.3057283789148193,2.2000934918018302,2.145635027259207,2.136259740780247,2.170639284855422,2.254120745702242,2.403834271669691,2.664541197250718,2.8016061378284163,2.5841074399215445,2.217065685066765,1.9684016302261713,1.781318047038011,1.6393325932966998,1.507259481256424,1.393168209034062,1.2999472080097987,1.2202296157865882,1.1515584198158053,1.0938120491955328,1.0478628073743943,1.0142673289856967,0.9923411528736829,0.98013607,0.9754214474597003
0.9794843113547573,0.9825460819023127,0.9929155111772201,1.0137809623806744,1.0476239564324614,1.095246981525024,1.1557430461004519,1.2277730365580979,1.3111187667354531,1.407751643122338,1.5231954779092454,1.6547090633069597,1.8047786697548687,1.992518865008387,2.2323832573295017,2.5489709206530637,2.678347263904319,2.538166945,2.3672664517520827,2.2534372368188746,2.192905953319956,2.1781985286772367,2.207874005,2.2867060512738435,2.4269107063522326,2.6514978380642633,2.966864310954645,3.036173881064895,2.764650881068074,2.482231703737942,2.305662341047033,2.2096766248752266,2.1820550647631953,2.219504525810853,2.326592184948031,2.5171400511525275,2.8206772348728544,3.043188226701461,2.9452857551449463,2.618843990499595,2.408660926997224,2.2793446671669195,2.2095860487507712,2.188159856,2.210825297525647,2.279327869398115,2.4011640840243036,2.576532915006079,2.689801295,2.511653252354103,2.2068629276313754,1.9763717703789139,1.7951921657645917,1.6501044057742755,1.5200201152185182,1.4054098384941196,1.3087771396267507,1.2251419755441344,1.1526688044031115,1.0916689846372907,1.043531292976618,1.0091747496796795,0.9877765538821938,0.9768146369594727,0.9729377462455052
0.9771535068484812,0.9781157594968718,0.9865985470114198,1.0064087151521717,1.0408574861216975,1.0909065160656142,1.1550143852223327,1.2310074304728293,1.3180171238983924,1.4172543695769457,1.5323126464597998,1.6627794344610045,1.8115455072388813,1.9894937060786655,2.2028090892933996,2.4329192028791318,2.541740013,2.47441754,2.3591361074529806,2.272542451155816,2.2275989687326816,2.224541677327026,2.265485080764636,2.3580924773706338,2.5197686256622864,2.7892334884092542,3.2115989063765773,3.285039617937779,2.947654752965291,2.6081742426726504,2.4109128655875236,2.307264170375789,2.2778342383321712,2.317873441509633,2.433959984670879,2.6485657644151357,3.016385868307213,3.3126699059084883,3.197444547,2.7481031744576034,2.4980083357265914,2.3486366249251005,2.2654215045832706,2.2325247038620484,2.2429163171716455,2.294592150408825,2.3864674717747425,2.5008303235585405,2.550050047675066,2.4141975665342357,2.1825170807282133,1.9750318758340495,1.802235771,1.657338701881423,1.5287370132617197,1.4145053537442935,1.3152816043022955,1.2280021470611047,1.1515717017052631,1.0869503111651817,1.036372464554313,1.001403327985131,0.9810646006536474,0.9720001499730527,0.970422009
0.9737386953733066,0.9721574957248373,0.9779298588030761,0.9959720983787042,1.0308448161633204,1.0837128338717923,1.151968927372162,1.232185029307578,1.3226834337638471,1.423982157295692,1.5387139706073583,1.667583738072447,1.8126257005659776,1.9792883905969185,2.1665852065228544,2.3470992964268174,2.440163255674857,2.4158311844474962,2.344049513407299,2.2837003834554115,2.254785693607237,2.2632370587491084,2.314228572032552,2.417643498382806,2.594222952464669,2.8917774096368007,3.371186020509399,3.5210048946280694,3.088028573578005,2.7097582096529558,2.500316871184062,2.392410420557371,2.362014137486576,2.403478045067482,2.5246261974026245,2.7535752812066687,3.1702939550344214,3.488510029,3.369568960540101,2.8456550096594255,2.570124917339851,2.406584806917422,2.3126036683071813,2.2693350112535677,2.267557446988537,2.302054802630729,2.3657682374374605,2.4351404738650153,2.446051173826434,2.335901962569776,2.1510967514680903,1.9667313435533347,1.8038176812957585,1.6618332346497158,1.534794658228132,1.4208999592433134,1.319601937945118,1.2288307512935825,1.148165125,1.0793734794721652,1.025957454,0.9905609388065766,0.9720037505996851,0.9656708343660964,0.9666437959757288
0.9693613272583751,0.9646910879626924,0.9666892718396655,0.9819629290584831,1.017028284534962,1.0733525767108112,1.1465611175397137,1.2314135223081972,1.3253428334228778,1.4283867098640217,1.5427033082500512,1.6693824685105403,1.809366254,1.9644687039162587,2.1293865490722155,2.2784788628712858,2.3624598135643393,2.364629631738824,2.325605374752105,2.288679202833771,2.275150594414023,2.2943975983525484,2.3537872924027816,2.464401505997806,2.647630376560931,2.9515714423708075,3.4357576963687895,3.5577856532464938,3.1660228412406095,2.7822249567621347,2.5721855056961913,2.464261673,2.4339110909137114,2.475400100962972,2.596664313112877,2.8264908581891923,3.2501587839715715,3.560013088532626,3.403931239323944,2.9047557175580194,2.622732143569497,2.4523618323143825,2.350887037610038,2.2987691977774265,2.2855260462194846,2.303653619863529,2.3426933506631022,2.3788912589152025,2.366862839024681,2.271266393390871,2.117637864983865,1.9537666919360344,1.8012075587343674,1.6635995173055667,1.5385666991177074,1.4250308904073121,1.321962965341731,1.2277382183634293,1.1424060275212917,1.0686246153865024,1.011725193,0.9761358306856502,0.9603725487502544,0.9578475998816849,0.9617764964644172
0.9648844430564484,0.9558102694431618,0.9526520254009676,0.9637003226680414,0.9986511750740643,1.0594823034645722,1.1388336425699777,1.2289005297004736,1.326285863395941,1.4308348401142028,1.5445585602827778,1.668620705443431,1.8029538305419528,1.9470826737995255,2.0938541534191177,2.2221651656509493,2.3008581762669222,2.3203978022976828,2.305893963314901,2.2889429107051322,2.2894310655825896,2.3183245318826384,2.384202984470653,2.4982152158458333,2.679627746649835,2.967805159557938,3.4022374988720396,3.508923049957549,3.174437963793779,2.8244453008194887,2.626087790485326,2.5225398488618924,2.493279795500599,2.533349960660452,2.6496009910225884,2.8659094509348337,3.2491876180895094,3.519725354,3.367028335328677,2.924727343259406,2.655508510983366,2.485850669047447,2.3803494378272725,2.3211741464277176,2.297625041354958,2.300931287931415,2.3192249375956324,2.3310572609228104,2.3042196601180294,2.2172589836019116,2.084840390964619,1.938030106077528,1.7955040724397762,1.662966572964044,1.5403129720567506,1.427278650004272,1.3226548667092606,1.224934622,1.1343391769774496,1.0543583004341126,0.9929131574533088,0.9574416990432189,0.9459448059853335,0.9486261935229114,0.9572074181383607
0.959460792,0.9457329081778354,0.9356292315571397,0.9402432203906482,0.9746405003611313,1.0417455578839565,1.1289688772742137,1.2249698194986813,1.325860798858214,1.4317235283501029,1.5446470760630227,1.665811791685881,1.794381149079196,1.9285796686387195,2.060971266,2.1750605348258487,2.250598157761635,2.282094127,2.2860126062314445,2.2856139838392946,2.298355855705472,2.3354764245370734,2.4058700608273904,2.519757833448844,2.6921954750111663,2.9470484624406628,3.2866870253943126,3.3741460334412143,3.123609976203725,2.839617328155314,2.662942340646318,2.5675728787035066,2.5403349472033168,2.577700547449901,2.6845312920866733,2.875722140065604,3.179808030833953,3.3832346670929145,3.2595227334367185,2.9113275727490775,2.6701434788241687,2.507659293085935,2.4013836621293536,2.3370317270202206,2.3046194370064463,2.2950264754426355,2.296315203855076,2.290096139,2.2531436518820525,2.1715280866407762,2.053913625960282,1.9209125682315318,1.7876305495550098,1.6603763245111538,1.5403783562609974,1.428023283869727,1.3220253649512026,1.2207465749566424,1.124149416853007,1.0362145772139713,0.968439189,0.9335293658029319,0.9285302496138373,0.9382279557860997,0.9512799068563476
0.9546457922306338,0.9348754505868498,0.9155664962339772,0.9102465843813836,0.9433965468640453,1.019838908,1.1173761713533612,1.2200813189800042,1.3244688309631107,1.4314244966770895,1.5433501951427995,1.6614655424686655,1.784443742139168,1.9099059257148638,2.0309596365716898,2.1350088452027665,2.208601787173915,2.2486261825495086,2.266469867309592,2.279518312940085,2.302612994675441,2.346432129576526,2.4194821511408358,2.5303735691213847,2.6890570085198773,2.903150825317042,3.1314926010802533,3.1946775196090393,3.043240187222843,2.834291703,2.6847660015983363,2.6002261484375704,2.5757129565151553,2.609406163809185,2.7038071028700394,2.8639507129292996,3.078131416312101,3.2057565647755353,3.1113592620342523,2.875968185459723,2.669832175671196,2.5189916782004658,2.414649524808925,2.3469230359480893,2.3072081929204997,2.286744885301549,2.2743314629934464,2.254603391639365,2.2104611535829957,2.132295955232813,2.0252884028807534,1.9033607654741074,1.7783381690514295,1.6562900139007026,1.5391180413170236,1.4276332997416237,1.3204751155044252,1.2156379755183573,1.112250237839266,1.0138849665135619,0.9366895274499493,0.9030415114031716,0.9080737473060565,0.927075576,0.9464023341197592
0.9501095754825848,0.9239480835595374,0.8927735103410549,0.8717202570520122,0.9023899810722698,0.9937103960205572,1.1048247013205592,1.2148449336237943,1.3225542057135367,1.4303147778875966,1.5410202300303515,1.6560498819723826,1.7737562127056277,1.891642649052051,2.0037135379142788,2.100456646791745,2.172786594457005,2.2190338911922916,2.2474517297125263,2.2712553149439834,2.3028371708197932,2.351850090804216,2.4259440356761766,2.531807668531265,2.6745778170139642,2.8505269437470098,3.0144793613883767,3.0628989013234613,2.966542111715446,2.8158253801065762,2.6941738468276264,2.6217573191245824,2.6003844060187045,2.629833585164209,2.710417069529247,2.8393434228083563,2.9905396935796875,3.070960917620553,3.0017825970309837,2.830490379,2.6583782859088427,2.5214203985537167,2.4209967774870753,2.3514918371920683,2.306017898144905,2.2766475919151112,2.253338818841108,2.2234250745045245,2.174046582206879,2.098219601414705,1.9990186015873002,1.8859836464073427,1.7682183584958056,1.6511423172608433,1.5368588936620968,1.4264787097559297,1.3184482666935649,1.2102245898436599,1.0994187192236944,0.987311313,0.8951136343936011,0.8639682799745877,0.8848867368310229,0.9158889351953189,0.9416615077738006
0.9464323463983981,0.9140466037880026,0.8684340309448532,0.821613377,0.8473214188563977,0.9641153979316373,1.0926047971364328,1.2100092143326366,1.3205832516944636,1.4287715971146342,1.5380682320628387,1.6499736118563606,1.7627790521847562,1.8741255828973187,1.9790001687165966,2.0702582062342283,2.1416918848125293,2.192526111163225,2.2289814958990477,2.261264022570363,2.2996071359247323,2.3524273764056067,2.426269892329402,2.525913906119906,2.6527046236131056,2.7971502419980623,2.9206512828775786,2.9599782089337148,2.8983291035530954,2.790025987287727,2.6938483017257955,2.6336385008595817,2.615538832172833,2.640559328568289,2.7073458936148413,2.808355506640311,2.915465737489184,2.9658783638178834,2.9123280193110617,2.7823476113845573,2.639324953297837,2.5166368731272217,2.421376104269515,2.351409166903118,2.301606633422483,2.2651284218757546,2.2332630633792703,2.195646503009283,2.142418243372036,2.0682778904905015,1.9749869742827497,1.869153439949721,1.7577232747722356,1.645319775270999,1.5340006397096657,1.4249228105173737,1.3164119071246838,1.2052632735679116,1.0869599838747157,0.9572452828660234,0.83938198,0.8132195883501363,0.8601630758304694,0.9057789840367444,0.9377024094239921
0.9450899881743483,0.906656586,0.8456003238500984,0.754977974,0.7700531535482404,0.9341149749689942,1.0826126408374364,1.206399678746131,1.3190097239969596,1.4271223653890142,1.5347657707149467,1.6435809190870843,1.7518477009847842,1.8575321107964318,1.956551251775506,2.043552469975091,2.1142635565867396,2.1684693198863703,2.211010095081546,2.249874763,2.2934469555538923,2.3488622512810005,2.4214890905938917,2.5144251625256895,2.6264411901664038,2.7461051886675776,2.8429479290379205,2.876823731110032,2.838010631088468,2.7605751035897086,2.6861725217092642,2.6373913145182732,2.622466380555878,2.6431874077663196,2.6971621510831953,2.7747419413149963,2.8504976081407234,2.8811710669396207,2.8372539117935704,2.735012018191318,2.6154806509755804,2.506249080665802,2.4167558284581507,2.347341524993043,2.2944707806204905,2.252472036254745,2.213978277618626,2.1705526536718045,2.114510606493071,2.0416871331440225,1.9530078427083504,1.8530837424502047,1.7471892806723175,1.6391521808697251,1.5307873097931939,1.423293704,1.3148216123847787,1.2015901779018139,1.0767952292334217,0.9267684197414074,0.7613956038621147,0.7456489026458174,0.8369897057512523,0.8982524961047268,0.9364712170688728
0.9453312806083477,0.9034276096445129,0.830266963,0.6500482393496614,0.6575918184181642,0.9121285150644298,1.077102162859816,1.2047903101640012,1.3182297863769756,1.4256658636366815,1.531467212616514,1.637151089,1.7411987431667495,1.8419398498078883,1.9361037204260927,2.019682339543098,2.0897239592327828,2.1463631993795023,2.1934643170741395,2.237345523,2.284828091825895,2.3418234966135687,2.4125740273631533,2.498824639083928,2.5978395409787685,2.6983411626517735,2.7770127282219508,2.8075826553524474,2.7843488316402656,2.7295636308363984,2.673080305262975,2.6344640223431854,2.622456036887815,2.6392198549008725,2.681880919436233,2.7404520334473332,2.793544261912161,2.810770927547665,2.7729281553248724,2.689861948003959,2.5888519161745527,2.491660149304421,2.408056745744013,2.3399248758859663,2.285051396077744,2.238893607957268,2.1953509379961784,2.147587294385307,2.0895389157039697,2.0178401444353957,1.9328773269660922,1.837884497904485,1.7368591777011695,1.6329103412947845,1.5275629895428215,1.421880533917398,1.314075400560471,1.1999918986555278,1.0712144960558057,0.9044122286427231,0.6493600180284932,0.6410244032576131,0.8214433581830335,0.8949837119937456,0.9365385475451006
0.9489099980399126,0.90564715,0.8295758782592076,0.635177432,0.636560328,0.9106671598286427,1.0779113878456625,1.2056497748262118,1.3185642453366793,1.424676886,1.5284605154623583,1.63089778,1.7309913682813665,1.8273645011840431,1.9174163279048388,1.998140299,2.0674897081700903,2.1258150535103884,2.1762707423363805,2.2238857650385278,2.2741713882862884,2.3319282820581697,2.4003950700089653,2.4803064136255744,2.5682131970959063,2.653951773,2.719893614268681,2.7484099609496537,2.7361250095768317,2.6981181029079897,2.6560591124474238,2.6261583224002187,2.6167210706807555,2.6299852801238406,2.663001695435571,2.706434167720536,2.742911839958505,2.750696059034548,2.716798726539676,2.6473131054636423,2.560783273210032,2.4740227357554936,2.396109944921239,2.3297458,2.2737392121996876,2.2245641443182644,2.1772600057182085,2.1263176813752516,2.066914790474023,1.9962627188612685,1.9143969716848848,1.8235988813075865,1.7269011787209383,1.626804842340377,1.524583365,1.4209502537923453,1.3144489802165618,1.2010238258702668,1.072088492177791,0.9028576206091445,0.6284519269230681,0.6263130232724756,0.8207515282822397,0.8972824306911612,0.9403451845163328
0.9550922775342853,0.9136493383882097,0.8455257877463439,0.7262993878724701,0.7396134838892421,0.931927424,1.0856365606306775,1.2102892712188849,1.320889868108051,1.424838843841811,1.5259432471838905,1.6249669998875524,1.7213244966351788,1.8137837645494719,1.9002748973899246,1.9785309939444462,2.0471181199561266,2.1065165603333673,2.1593660978541633,2.2096713118450126,2.261848980803573,2.319728764586714,2.3857000900099257,2.459792072014676,2.538367439549091,2.612700000225402,2.669507200321979,2.696705029182754,2.692293624127978,2.6668229033780193,2.6362215286797124,2.6135981271808744,2.6063535179178863,2.616613380962704,2.6416116878631573,2.6731140847558352,2.6972681634226077,2.698262792416478,2.6670123344023478,2.607354352949479,2.5321393364619333,2.4542444707712665,2.381636154367185,2.317329944049378,2.2608784674578777,2.209625877012407,2.159604204770685,2.106405326824752,2.046191870126357,1.9765825311343344,1.8973838898112794,1.8102273719208097,1.7174245216615722,1.6209841950408284,1.5220450151546143,1.4209831494937883,1.3166923897805323,1.2054841892686883,1.0799242613438345,0.9242812780228823,0.7299159090864036,0.7166698899147991,0.8369250647124775,0.9054960091110826,0.9467357878316462
0.9636364727483905,0.926635886,0.8728338754118249,0.8089279770456698,0.8331582444664822,0.9655183727672585,1.0997219907812519,1.2177848961176398,1.3247696018038235,1.425851626516997,1.5238224640994298,1.6194451592724057,1.7122518426875788,1.8011498644849384,1.8844950366809374,1.9605428704089105,2.028273708513407,2.0882255869727926,2.1426967576193756,2.1948568977223744,2.248184798356686,2.305705410567736,2.369115269454999,2.4379685667902735,2.5087806457997495,2.574240730008756,2.6243448867395425,2.6506624403877406,2.6520002869006007,2.6359689603205925,2.614390695734819,2.5977241709468335,2.592307471315792,2.6000352119679184,2.6184932372316077,2.640654445,2.6555772201349748,2.651614594328883,2.6221971596866798,2.5697977134918393,2.503461763264264,2.4330149769684772,2.365245191728426,2.303135467912248,2.2467688378551363,2.194204798336671,2.1422988870226334,2.0875843321153247,2.027032465547086,1.9585048771592546,1.8816767535622716,1.797740617748523,1.7084938527187394,1.615541207,1.5198916489958387,1.4218367935734026,1.3204160857266274,1.2128398349423153,1.093987675546291,0.9582181369011267,0.8245940489655676,0.8001114415479881,0.864631209,0.9188300355070079,0.9555109385386787
0.9752685626916064,0.9431549563126207,0.9047126815263133,0.8728181792140488,0.9023160555138248,1.0020355123979447,1.1181003914488765,1.2275187225328799,1.3297299656893091,1.4275878825647712,1.5219829885335985,1.6144378546720446,1.703855922575469,1.7892676706617545,1.8700396409147255,1.943841237328631,2.0107534523387303,2.0708688893701765,2.1259987369301356,2.1797367008315196,2.233401241176118,2.2902521902194937,2.351297532139252,2.4151035809107446,2.479863744053584,2.538218992102598,2.5832180099433755,2.6091592813565403,2.614351964694585,2.6058011519103514,2.591227853780324,2.579170177480333,2.5755674431255353,2.580827824464728,2.594288370625402,2.6091917016146677,2.6168311755147085,2.6096115923985366,2.5812132336685294,2.5344234898458993,2.4752167586344846,2.4106027059050725,2.347604652407151,2.287509372957785,2.2316369157833855,2.1785746999310995,2.125028886136752,2.0697826989573667,2.0092211848787502,1.941727188235113,1.8672546811317714,1.7859413055501336,1.7002150958997528,1.610575867,1.5180420796154237,1.4234679086627853,1.325238936182011,1.222507673000335,1.1122677118802813,0.9950807531929655,0.894437216,0.8646848187670269,0.8969988440465403,0.9358342793734471,0.9678106917137966
